-- MySQL dump 10.13  Distrib 5.5.1-m2, for apple-darwin9.5.0 (i386)
--
-- Host: localhost    Database: feedbacker_development
-- ------------------------------------------------------
-- Server version	5.1.44
/*!40103 SET @OLD_TIME_ZONE=@@TIME_ZONE */;
/*!40103 SET TIME_ZONE='+00:00' */;
/*!40014 SET @OLD_UNIQUE_CHECKS=@@UNIQUE_CHECKS, UNIQUE_CHECKS=0 */;
/*!40014 SET @OLD_FOREIGN_KEY_CHECKS=@@FOREIGN_KEY_CHECKS, FOREIGN_KEY_CHECKS=0 */;
/*!40101 SET @OLD_SQL_MODE=@@SQL_MODE, SQL_MODE='NO_AUTO_VALUE_ON_ZERO' */;
/*!40111 SET @OLD_SQL_NOTES=@@SQL_NOTES, SQL_NOTES=0 */;

--
-- Table structure for table `answers`
--

DROP TABLE IF EXISTS `answers`;
/*!40101 SET @saved_cs_client     = @@character_set_client */;
/*!40101 SET character_set_client = utf8 */;
CREATE TABLE `answers` (
  `id` int(11) NOT NULL AUTO_INCREMENT,
  `question_id` int(11) DEFAULT NULL,
  `content` text COLLATE utf8_unicode_ci,
  `created_at` datetime DEFAULT NULL,
  `updated_at` datetime DEFAULT NULL,
  `user_id` int(11) DEFAULT NULL,
  `survey_id` int(11) DEFAULT NULL,
  PRIMARY KEY (`id`)
) ENGINE=InnoDB DEFAULT CHARSET=utf8 COLLATE=utf8_unicode_ci;
/*!40101 SET character_set_client = @saved_cs_client */;

--
-- Dumping data for table `answers`
--

LOCK TABLES `answers` WRITE;
/*!40000 ALTER TABLE `answers` DISABLE KEYS */;
/*!40000 ALTER TABLE `answers` ENABLE KEYS */;
UNLOCK TABLES;

--
-- Table structure for table `assignments`
--

DROP TABLE IF EXISTS `assignments`;
/*!40101 SET @saved_cs_client     = @@character_set_client */;
/*!40101 SET character_set_client = utf8 */;
CREATE TABLE `assignments` (
  `id` int(11) NOT NULL AUTO_INCREMENT,
  `user_id` int(11) DEFAULT NULL,
  `project_id` int(11) DEFAULT NULL,
  `created_at` datetime DEFAULT NULL,
  `updated_at` datetime DEFAULT NULL,
  PRIMARY KEY (`id`)
) ENGINE=InnoDB AUTO_INCREMENT=29 DEFAULT CHARSET=utf8 COLLATE=utf8_unicode_ci;
/*!40101 SET character_set_client = @saved_cs_client */;

--
-- Dumping data for table `assignments`
--

LOCK TABLES `assignments` WRITE;
/*!40000 ALTER TABLE `assignments` DISABLE KEYS */;
INSERT INTO `assignments` VALUES (1,1,1,'2011-02-03 14:31:29','2011-02-03 14:31:29'),(2,1,3,'2011-02-03 17:26:18','2011-02-03 17:26:18'),(3,2,2,'2011-02-04 00:16:43','2011-02-04 00:16:43'),(6,4,41,'2011-05-03 10:37:36','2011-05-03 10:37:36'),(7,4,42,'2011-05-06 15:04:00','2011-05-06 15:04:00'),(8,3,44,'2011-05-11 13:57:08','2011-05-11 13:57:08'),(9,6,44,'2011-05-11 13:57:08','2011-05-11 13:57:08'),(10,6,46,'2011-05-11 13:59:46','2011-05-11 13:59:46'),(11,6,47,'2011-05-12 13:11:35','2011-05-12 13:11:35'),(12,5,48,'2011-05-24 15:14:41','2011-05-24 15:14:41'),(13,13,58,'2011-05-24 15:55:36','2011-05-24 15:55:36'),(14,13,48,'2011-05-24 15:56:54','2011-05-24 15:56:54'),(15,10,48,'2011-05-24 15:56:54','2011-05-24 15:56:54'),(16,14,48,'2011-05-24 15:56:54','2011-05-24 15:56:54'),(17,6,22,'2011-05-24 15:57:44','2011-05-24 15:57:44'),(18,3,22,'2011-05-24 15:57:44','2011-05-24 15:57:44'),(19,21,16,'2011-05-25 08:02:16','2011-05-25 08:02:16'),(20,20,16,'2011-05-25 08:02:16','2011-05-25 08:02:16'),(21,4,60,'2011-05-26 09:52:57','2011-05-26 09:52:57'),(22,3,60,'2011-05-26 09:52:57','2011-05-26 09:52:57'),(23,6,61,'2011-05-27 17:28:47','2011-05-27 17:28:47'),(24,3,61,'2011-05-27 17:28:47','2011-05-27 17:28:47'),(25,6,62,'2011-05-30 12:43:43','2011-05-30 12:43:43'),(26,6,63,'2011-06-01 17:14:25','2011-06-01 17:14:25'),(27,4,63,'2011-06-01 17:14:25','2011-06-01 17:14:25'),(28,13,66,'2011-06-14 08:05:09','2011-06-14 08:05:09');
/*!40000 ALTER TABLE `assignments` ENABLE KEYS */;
UNLOCK TABLES;

--
-- Table structure for table `chat_messages`
--

DROP TABLE IF EXISTS `chat_messages`;
/*!40101 SET @saved_cs_client     = @@character_set_client */;
/*!40101 SET character_set_client = utf8 */;
CREATE TABLE `chat_messages` (
  `id` int(11) NOT NULL AUTO_INCREMENT,
  `content` varchar(255) COLLATE utf8_unicode_ci DEFAULT NULL,
  `user_id` int(11) DEFAULT NULL,
  `created_at` datetime DEFAULT NULL,
  `updated_at` datetime DEFAULT NULL,
  PRIMARY KEY (`id`)
) ENGINE=InnoDB AUTO_INCREMENT=94 DEFAULT CHARSET=utf8 COLLATE=utf8_unicode_ci;
/*!40101 SET character_set_client = @saved_cs_client */;

--
-- Dumping data for table `chat_messages`
--

LOCK TABLES `chat_messages` WRITE;
/*!40000 ALTER TABLE `chat_messages` DISABLE KEYS */;
INSERT INTO `chat_messages` VALUES (1,'bounce',4,'2011-04-29 10:24:32','2011-04-29 10:24:32'),(2,'huh',6,'2011-04-29 10:25:00','2011-04-29 10:25:00'),(3,'datenklau!',6,'2011-04-29 10:30:04','2011-04-29 10:30:04'),(4,'test',4,'2011-04-29 10:35:47','2011-04-29 10:35:47'),(5,'asd',6,'2011-04-29 10:35:48','2011-04-29 10:35:48'),(6,'peter',6,'2011-04-29 10:36:01','2011-04-29 10:36:01'),(7,'wookie',4,'2011-04-29 10:36:11','2011-04-29 10:36:11'),(8,'ö',6,'2011-04-29 10:36:45','2011-04-29 10:36:45'),(9,'asd',6,'2011-04-29 10:37:16','2011-04-29 10:37:16'),(10,'buh',2,'2011-04-29 10:37:47','2011-04-29 10:37:47'),(11,'hallo',4,'2011-04-29 10:45:24','2011-04-29 10:45:24'),(12,'was',6,'2011-04-29 11:33:43','2011-04-29 11:33:43'),(13,'efdgd',4,'2011-04-29 11:34:52','2011-04-29 11:34:52'),(14,'fgh',4,'2011-04-29 11:38:19','2011-04-29 11:38:19'),(15,'dsf',4,'2011-04-29 12:48:46','2011-04-29 12:48:46'),(16,'sdf',4,'2011-04-29 12:51:02','2011-04-29 12:51:02'),(17,'kgmhfgh',6,'2011-05-02 09:08:52','2011-05-02 09:08:52'),(18,'hellooooo?',10,'2011-05-05 14:23:14','2011-05-05 14:23:14'),(19,'watsup?',10,'2011-05-05 14:23:22','2011-05-05 14:23:22'),(20,'the chat needs autorefresh',10,'2011-05-05 14:23:33','2011-05-05 14:23:33'),(21,'otherwise im not able to see my messages when i hit \"enter\"',10,'2011-05-05 14:23:53','2011-05-05 14:23:53'),(22,'asdf',10,'2011-05-05 15:49:30','2011-05-05 15:49:30'),(23,'asdf',10,'2011-05-05 15:49:30','2011-05-05 15:49:30'),(24,'asdfg',10,'2011-05-05 15:49:35','2011-05-05 15:49:35'),(25,'akljdfhsdjklafe',10,'2011-05-05 15:50:11','2011-05-05 15:50:11'),(26,'ghj',10,'2011-05-05 15:50:33','2011-05-05 15:50:33'),(27,'gjkbjkk',10,'2011-05-05 15:50:34','2011-05-05 15:50:34'),(28,'bubu',4,'2011-05-05 15:51:03','2011-05-05 15:51:03'),(29,'bububub',10,'2011-05-05 15:51:38','2011-05-05 15:51:38'),(30,'go kicker',10,'2011-05-05 15:52:03','2011-05-05 15:52:03'),(31,'a',10,'2011-05-05 15:52:10','2011-05-05 15:52:10'),(32,'a',10,'2011-05-05 15:52:11','2011-05-05 15:52:11'),(33,'aa',10,'2011-05-05 15:52:11','2011-05-05 15:52:11'),(34,'a',10,'2011-05-05 15:52:11','2011-05-05 15:52:11'),(35,'a',10,'2011-05-05 15:52:12','2011-05-05 15:52:12'),(36,'do it',4,'2011-05-05 15:54:30','2011-05-05 15:54:30'),(37,'chat',4,'2011-05-05 15:54:51','2011-05-05 15:54:51'),(38,'hadouken',4,'2011-05-05 16:14:39','2011-05-05 16:14:39'),(39,'test',12,'2011-05-06 08:09:49','2011-05-06 08:09:49'),(40,'wer',12,'2011-05-06 08:09:56','2011-05-06 08:09:56'),(41,'wer',12,'2011-05-06 08:09:56','2011-05-06 08:09:56'),(42,'wer',12,'2011-05-06 08:09:57','2011-05-06 08:09:57'),(43,'rw',12,'2011-05-06 08:09:57','2011-05-06 08:09:57'),(44,'rwer',12,'2011-05-06 08:09:57','2011-05-06 08:09:57'),(45,'ewr',12,'2011-05-06 08:09:58','2011-05-06 08:09:58'),(46,'we',12,'2011-05-06 08:09:59','2011-05-06 08:09:59'),(47,'wercewc',12,'2011-05-06 08:09:59','2011-05-06 08:09:59'),(48,'c',12,'2011-05-06 08:09:59','2011-05-06 08:09:59'),(49,'e',12,'2011-05-06 08:09:59','2011-05-06 08:09:59'),(50,'wec',12,'2011-05-06 08:10:00','2011-05-06 08:10:00'),(51,'ec',12,'2011-05-06 08:10:00','2011-05-06 08:10:00'),(52,'dsf',12,'2011-05-06 08:11:08','2011-05-06 08:11:08'),(53,'yo',4,'2011-05-09 14:03:39','2011-05-09 14:03:39'),(54,'wassup?',5,'2011-05-23 12:20:03','2011-05-23 12:20:03'),(55,'Jo',14,'2011-05-23 12:20:12','2011-05-23 12:20:12'),(56,'aight',4,'2011-05-23 12:20:44','2011-05-23 12:20:44'),(57,'ich kann meinen Urlaub immer noch nicht eintragen, da er keinen Projektnamen hat^^',14,'2011-05-23 12:37:56','2011-05-23 12:37:56'),(58,'spielen! los!',6,'2011-05-24 10:23:50','2011-05-24 10:23:50'),(59,'kunde is weg! ;)',5,'2011-05-24 10:25:04','2011-05-24 10:25:04'),(60,'ivo is unglücklich :(',6,'2011-05-24 10:50:08','2011-05-24 10:50:08'),(61,'hey there',20,'2011-05-24 14:32:38','2011-05-24 14:32:38'),(62,'wer will weggewischt werden?',4,'2011-05-25 10:11:00','2011-05-25 10:11:00'),(63,'Guten morgen Thomas',14,'2011-05-26 08:14:14','2011-05-26 08:14:14'),(64,'watsup?',10,'2011-05-26 09:05:06','2011-05-26 09:05:06'),(65,'Moin moin @all',5,'2011-05-26 09:05:06','2011-05-26 09:05:06'),(66,'watsup?',10,'2011-05-26 09:05:06','2011-05-26 09:05:06'),(67,'sach ma deine mail adresse dude',5,'2011-05-26 09:05:17','2011-05-26 09:05:17'),(68,'(flug tickets)',5,'2011-05-26 09:05:26','2011-05-26 09:05:26'),(69,'arianobravo@gmail.com',10,'2011-05-26 09:05:28','2011-05-26 09:05:28'),(70,'kamera?????',5,'2011-05-26 09:06:29','2011-05-26 09:06:29'),(71,'where\'s ur brain biatch',5,'2011-05-26 09:06:40','2011-05-26 09:06:40'),(72,'tomorrow maybe man',10,'2011-05-26 09:07:22','2011-05-26 09:07:22'),(73,'fajksdfh',10,'2011-05-26 09:08:05','2011-05-26 09:08:05'),(74,'jhgsldkjfahö',5,'2011-05-26 09:08:09','2011-05-26 09:08:09'),(75,'hadouken',4,'2011-05-26 09:09:49','2011-05-26 09:09:49'),(76,'Guten Morgen Kai',4,'2011-05-26 09:10:39','2011-05-26 09:10:39'),(77,'test',4,'2011-05-26 09:13:47','2011-05-26 09:13:47'),(78,'So ab jetzt kommt der neue text OBEN hin',4,'2011-05-26 09:14:26','2011-05-26 09:14:26'),(79,'test_oben',5,'2011-05-26 09:15:19','2011-05-26 09:15:19'),(80,'jetze',4,'2011-05-26 09:16:35','2011-05-26 09:16:35'),(81,'chikkiboom',4,'2011-05-26 09:16:45','2011-05-26 09:16:45'),(82,'smoerrebroed',4,'2011-05-26 09:16:57','2011-05-26 09:16:57'),(83,'lets meet at the table at 12?',5,'2011-05-26 09:19:08','2011-05-26 09:19:08'),(84,'allright',4,'2011-05-26 09:24:14','2011-05-26 09:24:14'),(85,'wollt ihr avatars und so fürs profil?',4,'2011-05-26 09:27:14','2011-05-26 09:27:14'),(86,'In 8min kickern?',14,'2011-05-26 09:29:32','2011-05-26 09:29:32'),(87,'avatar vote YES',5,'2011-05-26 09:30:57','2011-05-26 09:30:57'),(88,'KICKA TIME',5,'2011-05-26 10:00:40','2011-05-26 10:00:40'),(89,'Es ist schon nach 12, ich brauch aber noch 10min^^',14,'2011-05-26 10:05:12','2011-05-26 10:05:12'),(90,'ekelhaft',4,'2011-05-26 10:29:49','2011-05-26 10:29:49'),(91,'Zuuuuuu Nuuuuullll!',14,'2011-05-26 10:31:38','2011-05-26 10:31:38'),(92,'Titan\'s Clash?',5,'2011-05-26 14:18:06','2011-05-26 14:18:06'),(93,'now??',5,'2011-06-06 10:08:11','2011-06-06 10:08:11');
/*!40000 ALTER TABLE `chat_messages` ENABLE KEYS */;
UNLOCK TABLES;

--
-- Table structure for table `clients`
--

DROP TABLE IF EXISTS `clients`;
/*!40101 SET @saved_cs_client     = @@character_set_client */;
/*!40101 SET character_set_client = utf8 */;
CREATE TABLE `clients` (
  `id` int(11) NOT NULL AUTO_INCREMENT,
  `name` varchar(255) COLLATE utf8_unicode_ci DEFAULT NULL,
  `contact_person` varchar(255) COLLATE utf8_unicode_ci DEFAULT NULL,
  `phone` varchar(255) COLLATE utf8_unicode_ci DEFAULT NULL,
  `email` varchar(255) COLLATE utf8_unicode_ci DEFAULT NULL,
  `created_at` datetime DEFAULT NULL,
  `updated_at` datetime DEFAULT NULL,
  `client_nr` varchar(255) COLLATE utf8_unicode_ci DEFAULT NULL,
  `full_name` varchar(255) COLLATE utf8_unicode_ci DEFAULT NULL,
  PRIMARY KEY (`id`)
) ENGINE=InnoDB AUTO_INCREMENT=23 DEFAULT CHARSET=utf8 COLLATE=utf8_unicode_ci;
/*!40101 SET character_set_client = @saved_cs_client */;

--
-- Dumping data for table `clients`
--

LOCK TABLES `clients` WRITE;
/*!40000 ALTER TABLE `clients` DISABLE KEYS */;
INSERT INTO `clients` VALUES (1,'dnb','','','','2011-05-02 11:23:28','2011-05-02 11:23:28',NULL,NULL),(2,'Fornebu','','','','2011-05-02 11:23:50','2011-05-02 11:23:50',NULL,NULL),(3,'Barcode','','','','2011-05-02 11:24:54','2011-05-02 11:24:54',NULL,NULL),(4,'g&p','','','','2011-05-02 17:31:32','2011-05-02 18:02:31',NULL,NULL),(5,'hm','','','','2011-05-02 17:31:44','2011-05-02 17:31:44',NULL,NULL),(6,'jh','','','','2011-05-02 17:31:53','2011-05-02 17:31:53',NULL,NULL),(7,'npro','','','','2011-05-02 17:32:01','2011-05-02 17:32:01',NULL,NULL),(8,'usbl','','','','2011-05-02 17:32:18','2011-05-02 17:32:18',NULL,NULL),(9,'meinich','','','','2011-05-02 17:32:33','2011-05-02 17:32:33',NULL,NULL),(10,'roisland','','','','2011-05-02 17:32:43','2011-05-02 17:32:43',NULL,NULL),(11,'Saga','','','','2011-05-02 18:00:33','2011-05-02 18:00:33',NULL,NULL),(12,'inveto','','','','2011-05-02 18:01:23','2011-05-02 18:01:23',NULL,NULL),(13,'j+j','','','','2011-05-02 18:04:41','2011-05-02 18:04:41',NULL,NULL),(14,'5wd','','','','2011-05-02 18:05:41','2011-05-02 18:05:41',NULL,NULL),(15,'amb','','','','2011-05-02 18:06:39','2011-05-02 18:06:39',NULL,NULL),(16,'mad','','','','2011-05-02 18:12:43','2011-05-02 18:12:43',NULL,NULL),(17,'eve','','','','2011-05-02 18:17:07','2011-06-15 08:58:03',NULL,NULL),(18,'berlin-appartement.net','Leonard Hartel',' +49 (0)173 3603063','leonvoice@gmx.net','2011-05-06 15:03:08','2011-05-23 12:11:18',NULL,NULL),(19,'Kristin Jarmund','Line Strand ','','line.strand@kjark.no','2011-05-11 13:55:36','2011-05-11 13:55:36',NULL,NULL),(20,'Voice','Chris','','chris@voice.as','2011-05-11 13:58:15','2011-05-11 13:58:15',NULL,NULL),(21,'r&s','juergen rustler','','','2011-06-06 13:05:23','2011-06-06 13:05:23',NULL,NULL),(22,'ahm','','','','2011-06-14 08:06:33','2011-06-14 08:06:33',NULL,NULL);
/*!40000 ALTER TABLE `clients` ENABLE KEYS */;
UNLOCK TABLES;

--
-- Table structure for table `comments`
--

DROP TABLE IF EXISTS `comments`;
/*!40101 SET @saved_cs_client     = @@character_set_client */;
/*!40101 SET character_set_client = utf8 */;
CREATE TABLE `comments` (
  `id` int(11) NOT NULL AUTO_INCREMENT,
  `image_id` int(11) DEFAULT NULL,
  `user_id` int(11) DEFAULT NULL,
  `body` text COLLATE utf8_unicode_ci,
  `created_at` datetime DEFAULT NULL,
  `updated_at` datetime DEFAULT NULL,
  `internal` tinyint(1) DEFAULT NULL,
  PRIMARY KEY (`id`)
) ENGINE=InnoDB AUTO_INCREMENT=11 DEFAULT CHARSET=utf8 COLLATE=utf8_unicode_ci;
/*!40101 SET character_set_client = @saved_cs_client */;

--
-- Dumping data for table `comments`
--

LOCK TABLES `comments` WRITE;
/*!40000 ALTER TABLE `comments` DISABLE KEYS */;
INSERT INTO `comments` VALUES (1,1,4,'woot','2011-05-02 11:32:10','2011-05-02 11:32:10',NULL),(6,1,6,'geht','2011-05-19 08:41:59','2011-05-19 08:41:59',NULL),(7,3,6,'finales layout zur prüfung','2011-05-19 09:37:01','2011-05-19 09:37:01',NULL),(9,4,4,'rock\'n\'roll!','2011-05-23 10:27:18','2011-05-23 10:27:18',NULL),(10,5,4,'scheiss kicker!','2011-05-23 12:37:52','2011-05-23 12:37:52',NULL);
/*!40000 ALTER TABLE `comments` ENABLE KEYS */;
UNLOCK TABLES;

--
-- Table structure for table `hours`
--

DROP TABLE IF EXISTS `hours`;
/*!40101 SET @saved_cs_client     = @@character_set_client */;
/*!40101 SET character_set_client = utf8 */;
CREATE TABLE `hours` (
  `id` int(11) NOT NULL AUTO_INCREMENT,
  `date` date DEFAULT NULL,
  `amount` float DEFAULT NULL,
  `task` text COLLATE utf8_unicode_ci,
  `extra` tinyint(1) DEFAULT NULL,
  `user_id` int(11) DEFAULT NULL,
  `project_id` int(11) DEFAULT NULL,
  `work_category_id` int(11) DEFAULT NULL,
  `created_at` datetime DEFAULT NULL,
  `updated_at` datetime DEFAULT NULL,
  `holiday` tinyint(1) DEFAULT NULL,
  PRIMARY KEY (`id`)
) ENGINE=InnoDB AUTO_INCREMENT=499 DEFAULT CHARSET=utf8 COLLATE=utf8_unicode_ci;
/*!40101 SET character_set_client = @saved_cs_client */;

--
-- Dumping data for table `hours`
--

LOCK TABLES `hours` WRITE;
/*!40000 ALTER TABLE `hours` DISABLE KEYS */;
INSERT INTO `hours` VALUES (1,'2011-04-14',3,'jelangweilt hb ik mir!',0,2,1,2,'2011-04-14 13:27:57','2011-04-14 13:27:57',0),(2,'2011-04-18',5,'irgendwas',0,3,1,5,'2011-04-18 12:07:55','2011-04-18 12:07:55',0),(3,'2011-04-20',12,'asdf',0,6,1,2,'2011-04-20 12:51:28','2011-04-20 12:51:28',0),(4,'2011-04-20',1,'dgsdshdf',1,6,1,1,'2011-04-20 12:51:42','2011-04-20 12:51:42',0),(5,'2011-07-14',1,'123',1,6,1,2,'2011-04-29 10:31:49','2011-04-29 10:31:49',0),(6,'2011-04-21',5,'fukka',1,6,1,5,'2011-04-29 10:33:47','2011-04-29 10:33:47',0),(7,'2011-04-21',3,'typo3',0,4,1,5,'2011-04-29 15:07:47','2011-04-29 15:07:47',0),(8,'2011-05-02',2.5,'Projektsoftware',0,4,41,5,'2011-05-02 18:23:09','2011-05-26 09:49:38',0),(9,'2011-05-03',4,'bug fixes',0,4,41,5,'2011-05-03 10:38:38','2011-05-26 09:49:45',0),(11,'2011-05-05',8,'Barcode VI props und renders.',0,10,34,2,'2011-05-05 14:22:10','2011-05-05 14:22:10',0),(12,'2011-05-05',3,'bild xy',0,11,29,2,'2011-05-05 16:18:48','2011-05-05 16:18:48',0),(13,'2011-05-06',8,'Muehlenstrasse_III',0,10,8,2,'2011-05-06 07:50:03','2011-05-06 15:14:45',0),(17,'2011-05-04',10,'details',0,10,34,2,'2011-05-06 12:47:34','2011-05-06 12:47:34',0),(18,'2011-05-03',9,'props modelling',0,10,34,2,'2011-05-06 12:48:14','2011-05-06 12:48:14',0),(19,'2011-05-02',10,'licht und farbschema',0,10,34,2,'2011-05-06 12:49:17','2011-05-06 12:49:17',0),(20,'2011-04-28',4.5,'scene rainigung\r\n',0,10,34,NULL,'2011-05-06 12:50:28','2011-05-06 12:50:28',0),(21,'2011-04-28',3.5,'bekkegarten feedback',0,10,23,2,'2011-05-06 12:51:03','2011-05-06 12:51:03',0),(22,'2011-04-27',7.5,'moodboards',0,10,34,2,'2011-05-06 12:51:29','2011-05-06 12:51:29',0),(23,'2011-05-05',4,'Searching, Additional editing functions, styling',0,4,41,6,'2011-05-06 15:01:14','2011-05-26 09:50:58',0),(24,'2011-05-05',4,'bugfixes',0,4,42,5,'2011-05-06 15:04:24','2011-05-26 09:51:05',0),(26,'2011-05-09',0.5,'re-render frame #6',0,10,8,2,'2011-05-09 10:13:46','2011-05-09 10:13:46',0),(27,'2011-05-06',4.5,'search, autocomplete',0,4,41,5,'2011-05-09 14:03:31','2011-05-26 09:54:18',0),(28,'2011-05-11',7,'Playblast',0,17,16,1,'2011-05-11 13:39:29','2011-05-11 16:20:35',0),(29,'2011-05-11',4,'Compositing',0,18,30,3,'2011-05-11 13:44:07','2011-05-11 13:44:07',0),(30,'2011-05-09',9,'cam match, correct model geometry, reflection and light.',0,10,43,2,'2011-05-11 13:50:07','2011-05-11 13:53:15',0),(31,'2011-05-10',8,'details.',0,10,43,2,'2011-05-11 13:51:13','2011-05-11 13:52:09',0),(32,'2011-05-11',8,'finishing.',0,10,43,2,'2011-05-11 13:51:55','2011-05-11 13:51:55',0),(33,'2011-04-18',7.5,'default',0,10,34,2,'2011-05-11 13:55:41','2011-05-11 13:55:41',0),(34,'2011-04-11',8,'default',0,10,23,2,'2011-05-11 13:56:06','2011-05-11 13:56:44',0),(35,'2011-04-12',9,'default',0,10,23,2,'2011-05-11 13:56:27','2011-05-11 13:56:55',0),(36,'2011-04-13',4.5,'default\r\n',0,10,23,2,'2011-05-11 13:57:42','2011-05-11 13:57:42',0),(37,'2011-04-13',4.5,'copper fassade.',0,10,45,2,'2011-05-11 13:58:54','2011-05-11 13:58:54',0),(38,'2011-05-11',5,'layout',0,6,46,5,'2011-05-11 16:35:24','2011-05-11 16:35:24',0),(39,'2011-11-05',3,'Colour Adjustments/compositing',0,18,22,3,'2011-05-12 08:03:34','2011-05-12 08:03:34',0),(40,'2011-05-11',3,'Compositing',0,18,22,3,'2011-05-12 08:04:04','2011-05-12 08:04:04',0),(41,'2011-05-12',2,'layouting',0,6,46,5,'2011-05-12 11:01:04','2011-05-12 11:01:04',0),(42,'2011-05-12',1,'updates for strandliveien and jonoe',1,6,32,5,'2011-05-12 13:12:54','2011-05-19 12:25:54',0),(43,'2011-05-12',6,'Tiefenunschärfe,\r\nShader,',0,17,16,2,'2011-05-12 13:52:55','2011-05-12 13:52:55',0),(44,'2011-05-12',1,'korrekturen',0,10,43,2,'2011-05-12 15:43:34','2011-05-12 15:43:38',0),(45,'2011-05-12',6,'re-render',0,10,48,2,'2011-05-12 15:46:32','2011-05-12 15:46:32',0),(46,'2011-05-12',1,'rendering fixen',0,10,22,2,'2011-05-12 15:47:00','2011-05-12 15:47:00',0),(47,'2011-05-12',6,'Jonoe design ported to adamcms, added first contents',0,6,47,5,'2011-05-12 17:52:35','2011-05-12 17:52:35',0),(48,'2011-05-12',5,'Question Catalog',0,5,48,1,'2011-05-13 08:39:29','2011-05-13 08:39:29',0),(49,'2011-05-12',3,'Rerender of Imagesets',0,5,48,2,'2011-05-13 08:39:50','2011-05-13 08:39:50',0),(50,'2011-05-11',5,'Change Sun Set 8-12',0,5,48,2,'2011-05-13 08:41:04','2011-05-13 08:41:04',0),(51,'2011-05-11',3.5,'Question Catalog',0,5,48,1,'2011-05-13 08:41:25','2011-05-13 08:45:41',0),(52,'2011-05-10',6,'Change Sun Set 1-7',0,5,48,2,'2011-05-13 08:42:16','2011-05-13 08:42:16',0),(53,'2011-10-05',2.5,'time and task management with Justus',0,5,48,4,'2011-05-13 08:44:38','2011-05-13 08:44:38',0),(54,'2011-05-10',2.5,'time and task management with Justus & Anne',0,5,48,4,'2011-05-13 08:45:25','2011-05-13 08:45:25',0),(55,'2011-05-11',0.5,'Kai & Maciej Briefing',0,5,48,4,'2011-05-13 08:46:23','2011-05-13 08:46:23',0),(56,'2011-05-09',2,'Kai & Maciej Briefing',0,5,48,4,'2011-05-13 08:46:50','2011-05-13 08:47:54',0),(57,'2011-05-09',6.5,'Split Grundmodell into Sets and Render all Sets',0,5,48,2,'2011-05-13 08:47:24','2011-05-13 08:47:45',0),(58,'2011-05-16',4.5,'bug fixing',0,6,47,5,'2011-05-16 12:41:24','2011-05-16 12:41:33',0),(59,'2011-05-13',7,'porting to adamcms',0,6,47,5,'2011-05-16 12:42:49','2011-05-16 12:42:49',0),(60,'2011-05-16',5,'Kjark Website. \r\n\r\n- new field \"date\" for sorting chronologically\r\n- Input of more Projects\r\n- Bugfixing for IE 7 & 8',0,3,44,5,'2011-05-16 14:50:06','2011-05-16 14:50:06',0),(61,'2011-05-13',10,'Playblast,Kameranimation',0,17,16,1,'2011-05-16 15:16:22','2011-05-16 15:16:22',0),(62,'2011-05-13',5,'scene review, korrekturen.',0,10,29,2,'2011-05-16 16:13:25','2011-05-16 16:13:25',0),(63,'2011-05-13',8.5,'Question Catalog\r\nMoodboards with Justus',0,5,48,4,'2011-05-16 16:13:44','2011-05-16 16:13:44',0),(64,'2011-05-16',8.5,'Set 1 und 2\r\nVH changes\r\npavement\r\nlight',0,5,48,2,'2011-05-16 16:14:22','2011-05-16 16:14:22',0),(65,'2011-05-16',8,'new TB building.',0,10,48,2,'2011-05-16 16:14:26','2011-05-16 16:14:26',0),(66,'2011-05-16',10,'Kamera\r\nPlayblast',0,17,16,NULL,'2011-05-16 18:08:05','2011-05-16 18:08:05',0),(67,'2011-05-17',3,'boligvelger 3d suggestions',0,6,22,5,'2011-05-17 10:36:23','2011-05-17 10:36:23',0),(68,'2011-05-17',3,'concept 4 Aker Brygge',0,18,48,3,'2011-05-17 18:31:16','2011-05-17 18:31:16',0),(69,'2011-05-16',7,'hundsund',0,18,30,3,'2011-05-17 18:33:33','2011-05-17 18:33:33',0),(70,'2011-05-16',1.5,'research',0,18,48,1,'2011-05-17 18:33:59','2011-05-17 18:33:59',0),(71,'2011-05-12',8,'Research',0,18,48,1,'2011-05-17 18:34:24','2011-05-17 18:34:24',0),(72,'2011-05-17',10,'Kamera',0,17,16,1,'2011-05-18 10:28:39','2011-05-18 10:28:39',0),(73,'2011-05-17',9,'Set 1, 2 und 7',0,5,48,2,'2011-05-18 11:06:33','2011-05-18 11:06:33',0),(74,'2011-05-18',2,'finishing layout',0,6,46,5,'2011-05-18 11:17:40','2011-05-18 11:17:40',0),(75,'2011-05-18',5,'boligvelger layout 3d, suggestion',0,6,22,5,'2011-05-18 16:21:12','2011-05-18 16:21:12',0),(76,'2011-05-18',1,'spireapark updates',0,6,32,5,'2011-05-18 16:37:49','2011-05-18 16:37:49',0),(77,'2011-05-18',9,'Kamera',0,17,16,1,'2011-05-18 17:26:34','2011-05-18 17:26:34',0),(78,'2011-05-18',7,'AkerBridge lobby TB',0,10,48,2,'2011-05-19 08:45:35','2011-05-19 08:45:35',0),(79,'2011-05-18',2,'remodel fassade nach feedback.',0,10,23,2,'2011-05-19 08:45:59','2011-05-19 08:45:59',0),(80,'2011-05-17',8,'lobby TB',0,10,48,2,'2011-05-19 08:46:21','2011-05-19 08:46:21',0),(81,'2011-05-20',8,'Oslo',0,10,40,6,'2011-05-19 09:07:41','2011-05-19 09:07:41',0),(82,'2011-05-18',4,'Rechner einrichten\r\nSzenen einrichten und testen',0,21,16,1,'2011-05-19 09:42:07','2011-05-19 09:42:07',0),(83,'2011-05-18',4,'Rendertest Motion-Blur, Tiefenunschärfe\r\nVRay 2.0',0,22,16,1,'2011-05-19 09:43:53','2011-05-19 09:43:53',0),(84,'2011-05-19',3,'kjellergard, landingpage update, boligveler',0,6,22,5,'2011-05-19 12:27:40','2011-05-19 12:27:40',0),(85,'2011-05-19',1,'finalising',0,6,47,5,'2011-05-19 12:28:18','2011-05-19 12:28:18',0),(87,'2011-05-18',4.5,'Set 1, 2 und 7',0,5,48,2,'2011-05-19 12:33:01','2011-05-19 12:34:39',0),(88,'2011-05-18',4,'Sets managen\r\nHDRI Setup\r\n',0,5,48,4,'2011-05-19 12:34:29','2011-05-19 12:34:29',0),(89,'2011-05-19',6,'Benjamin Standort\r\nneuer Fragenkatalog\r\nTexturen und HDRI managen',0,5,48,4,'2011-05-19 12:36:05','2011-05-19 12:36:05',0),(90,'2011-05-05',9,'Staffage, Camera, Previews gerendert',0,15,48,2,'2011-05-19 12:46:34','2011-05-19 12:46:34',0),(91,'2011-05-12',7,'Staffage, Camera, Previews gerendert',0,15,48,2,'2011-05-19 12:47:09','2011-05-19 12:47:09',0),(92,'2011-05-19',7,'Trennwände von Etage3-7 gebaut, materialien angepasst',0,15,25,2,'2011-05-19 12:49:07','2011-05-19 12:49:07',0),(94,'2011-05-09',8,'Änderungen einarbeiten',0,14,48,2,'2011-05-19 13:23:19','2011-05-19 13:23:19',0),(95,'2011-05-10',8,'Holzmodell',0,14,16,2,'2011-05-19 13:23:44','2011-05-19 13:23:44',0),(96,'2011-05-11',9,'Holzmodell',0,14,16,2,'2011-05-19 13:24:07','2011-05-19 13:24:07',0),(97,'2011-05-12',9,'Holzmodell',0,14,16,2,'2011-05-19 13:24:29','2011-05-19 13:24:29',0),(98,'2011-05-13',8,'Holzmodell',0,14,16,2,'2011-05-19 13:24:58','2011-05-19 13:24:58',0),(99,'2011-05-16',8,'SEO und Bugfixing, Überstzungen',0,4,42,5,'2011-05-19 13:44:06','2011-05-19 13:44:06',0),(100,'2011-05-18',1.5,'Staffage',0,14,29,2,'2011-05-19 13:49:15','2011-05-19 13:53:12',0),(101,'2011-05-18',3,'HDRi, Modeling',0,14,48,2,'2011-05-19 13:57:36','2011-05-19 13:57:36',0),(102,'2011-05-18',5,'Tests, Steigerung der Modelfähigkeiten',0,14,48,2,'2011-05-19 14:01:41','2011-05-23 09:54:54',0),(103,'2011-05-19',4.5,'kjeller boligvelger',0,6,22,5,'2011-05-19 17:15:05','2011-05-19 17:15:16',0),(105,'2011-05-18',1.5,'hours overview',0,4,41,6,'2011-05-19 17:24:27','2011-05-19 17:24:27',0),(106,'2011-05-19',9,'bugfixes\r\nhours overview\r\nselect hours from different users as admin\r\nsimple form with hints\r\ntraining',0,4,41,5,'2011-05-19 17:25:48','2011-05-23 15:19:16',0),(107,'2011-05-19',8,'Animationstest mit CAT-objekten.\r\n\r\nVerfeinerung der Animationen',0,21,16,1,'2011-05-20 08:33:47','2011-05-20 08:33:47',0),(108,'2011-05-12',6,'Storyboard',0,20,16,1,'2011-05-20 12:51:35','2011-05-20 13:00:55',0),(109,'2011-05-13',9,'Storyboard',0,20,16,1,'2011-05-20 12:59:03','2011-05-20 12:59:03',0),(110,'2011-05-16',11,'Previz',0,20,16,1,'2011-05-20 12:59:34','2011-05-20 12:59:34',0),(111,'2011-05-17',10,'Previz',0,20,16,4,'2011-05-20 13:00:02','2011-05-20 13:00:02',0),(112,'2011-05-18',11,'Previz, Briefings',0,20,16,4,'2011-05-20 13:00:44','2011-05-20 13:00:44',0),(113,'2011-05-19',9,'Previz, Briefings',0,20,16,4,'2011-05-20 13:01:43','2011-05-20 13:01:43',0),(114,'2011-05-19',10,'kamera',0,17,16,1,'2011-05-20 14:19:50','2011-05-20 14:19:50',0),(115,'2011-05-20',6.5,'modeling, Projektbesprechung',0,17,16,1,'2011-05-20 14:20:36','2011-05-20 14:20:47',0),(116,'2011-05-20',8,'Previz',0,20,16,4,'2011-05-20 16:33:53','2011-05-20 16:33:53',0),(117,'2011-05-19',2.5,'Set06 rendern',0,5,48,2,'2011-05-23 10:16:52','2011-05-23 10:16:52',0),(118,'2011-05-20',8,'Klassenfahrt',0,5,54,6,'2011-05-23 12:18:02','2011-05-23 12:18:02',0),(119,'2011-05-19',8.5,'HDRI, Modeling',0,14,48,2,'2011-05-23 12:25:11','2011-05-23 12:25:19',0),(120,'2011-05-16',8,'runlungern',0,14,36,7,'2011-05-23 13:00:30','2011-05-23 13:00:30',1),(121,'2011-05-17',8,'rumlungern',0,14,36,7,'2011-05-23 13:01:01','2011-05-23 13:01:01',1),(122,'2011-05-02',8,'Modeling',0,14,48,2,'2011-05-23 13:09:47','2011-05-23 13:09:47',0),(123,'2011-05-03',8,'Modeling',0,14,48,2,'2011-05-23 13:10:10','2011-05-23 13:10:10',0),(124,'2011-05-04',8,'Modeling',0,14,48,2,'2011-05-23 13:10:38','2011-05-23 13:10:38',0),(125,'2011-05-05',8,'Modeling',0,14,48,2,'2011-05-23 13:11:03','2011-05-23 13:11:03',0),(126,'2011-05-06',7,'Modeling',0,14,48,2,'2011-05-23 13:11:21','2011-05-23 13:11:21',0),(127,'2011-05-23',0.5,'kunden gespräch',0,4,42,6,'2011-05-23 15:18:35','2011-05-23 15:18:35',0),(128,'2011-05-23',6,'intranet chart display',0,4,41,5,'2011-05-23 15:19:01','2011-05-23 15:19:01',0),(129,'2011-05-20',10,'CAT-Animationen für das restaurant und für das Atrium.',0,21,16,1,'2011-05-23 18:01:09','2011-05-23 18:01:09',0),(130,'2011-05-23',11,'kjeller bv, website',0,6,22,5,'2011-05-23 20:35:31','2011-05-24 10:50:24',0),(131,'2011-05-23',11,'kjeller website',0,3,22,5,'2011-05-23 20:38:33','2011-05-24 10:50:49',0),(132,'2011-05-23',11,'Supervising SFX, Drehorganisation',0,20,16,4,'2011-05-24 07:17:46','2011-05-24 07:17:46',0),(133,'2011-05-23',9,'Atrium-Animation vorbereiten.\r\n2D- und 3D-Menschen Platzieren und Animieren.',0,21,16,1,'2011-05-24 08:47:55','2011-05-24 08:47:55',0),(134,'2011-05-23',8.5,'Set 11 and 8',0,5,48,2,'2011-05-24 08:51:45','2011-05-24 08:51:45',0),(135,'2011-05-23',7.5,'Modeling, Rendering',0,14,48,2,'2011-05-24 10:47:15','2011-05-24 10:47:15',0),(136,'2011-05-24',4,'website fixes and put online',0,6,22,5,'2011-05-24 11:30:32','2011-05-24 11:30:32',0),(137,'2011-05-23',5,'set3 akerbridge',0,10,48,2,'2011-05-24 14:14:43','2011-05-24 14:14:43',0),(138,'2011-05-24',9,'jekta feeback',0,10,51,2,'2011-05-24 14:15:24','2011-05-24 14:15:24',0),(139,'2011-05-24',6.5,'Rerender aller Szenen',0,5,48,2,'2011-05-24 15:40:13','2011-05-24 15:40:13',0),(140,'2011-05-24',2,'Kameraliste\r\nInstruktionen\r\nMeeting Justus',0,5,48,4,'2011-05-24 15:40:50','2011-05-24 15:40:50',0),(141,'2011-05-19',9,'modellieren',0,13,48,2,'2011-05-24 15:45:13','2011-05-24 15:45:13',0),(142,'2011-05-04',9,'modellieren, texturieren',0,13,48,2,'2011-05-24 15:50:10','2011-05-24 15:50:10',0),(143,'2011-05-05',8,'lichttests',0,13,48,2,'2011-05-24 15:50:35','2011-05-24 15:57:51',0),(144,'2011-05-06',8,'texturieren, lichttests',0,13,48,2,'2011-05-24 15:50:54','2011-05-24 15:58:12',0),(145,'2011-05-09',8,'urlaub',0,13,36,7,'2011-05-24 15:51:34','2011-05-24 15:51:52',1),(146,'2011-05-10',8,'urlaub',0,13,36,7,'2011-05-24 15:52:31','2011-05-24 15:52:31',1),(147,'2011-05-11',8,'urlaub',0,13,36,7,'2011-05-24 15:52:44','2011-05-24 15:52:44',1),(148,'2011-05-12',8,'urlaub',0,13,36,7,'2011-05-24 15:53:05','2011-05-24 15:53:05',1),(149,'2011-05-20',8,'Fotoshooting',0,14,54,6,'2011-05-24 15:54:40','2011-05-24 15:54:40',0),(150,'2011-05-20',8,'oslo',0,13,54,6,'2011-05-24 15:55:09','2011-05-24 15:55:09',0),(152,'2011-05-13',8,'urlaub',0,13,36,7,'2011-05-24 15:58:37','2011-05-24 15:58:37',1),(153,'2011-05-16',8,'urlaub',0,13,36,7,'2011-05-24 15:58:51','2011-05-24 15:58:51',1),(154,'2011-05-17',8,'urlaub',0,13,36,7,'2011-05-24 15:59:08','2011-05-24 15:59:08',1),(155,'2011-05-18',0,'ueberstunden',0,13,59,6,'2011-05-24 16:00:00','2011-05-24 16:00:00',0),(156,'2011-05-02',10.5,'aenderungen einarbeiten, modellieren, rendern',0,13,58,2,'2011-05-24 16:01:01','2011-05-24 16:01:54',0),(157,'2011-05-03',1,'rendern',0,13,58,2,'2011-05-24 16:02:28','2011-05-24 16:02:28',0),(158,'2011-05-03',7,'modellieren, texturieren',0,13,48,2,'2011-05-24 16:02:51','2011-05-24 16:02:51',0),(159,'2011-05-23',9,'texturieren',0,13,48,2,'2011-05-24 16:04:40','2011-05-24 16:04:40',0),(160,'2011-05-24',8,'texturieren',0,13,48,2,'2011-05-24 16:05:00','2011-05-24 16:05:00',0),(161,'2011-06-02',8,'christi himmelfahrt',0,13,57,6,'2011-05-24 16:07:19','2011-05-24 16:07:19',0),(162,'2011-06-03',8,'betriebsurlaub',0,13,57,6,'2011-05-24 16:07:51','2011-05-24 16:07:51',0),(163,'2011-06-13',8,'pfingsten',0,13,57,6,'2011-05-24 16:08:21','2011-05-24 16:08:21',0),(164,'2011-06-08',8,'urlaub',0,13,36,7,'2011-05-24 16:10:40','2011-05-24 16:10:40',0),(165,'2011-06-09',8,'urlaub',0,13,36,7,'2011-05-24 16:11:01','2011-05-24 16:11:01',1),(166,'2011-06-10',8,'urlaub',0,13,36,7,'2011-05-24 16:11:17','2011-05-24 16:11:17',1),(167,'2011-07-07',8,'urlaub',0,13,36,7,'2011-05-24 16:12:02','2011-05-24 16:12:02',1),(168,'2011-07-08',8,'urlaub',0,13,36,7,'2011-05-24 16:12:20','2011-05-24 16:12:20',1),(169,'2011-07-11',8,'urlaub',0,13,36,7,'2011-05-24 16:13:10','2011-05-24 16:13:10',1),(170,'2011-07-12',0,'ueberstunden',0,13,59,6,'2011-05-24 16:13:39','2011-05-24 16:13:39',0),(172,'2011-08-19',8,'urlaub',0,13,36,7,'2011-05-24 16:14:56','2011-05-24 16:14:56',1),(173,'2011-09-01',8,'urlaub',0,13,36,7,'2011-05-24 16:15:19','2011-05-24 16:15:19',1),(174,'2011-09-02',8,'urlaub',0,13,36,7,'2011-05-24 16:15:45','2011-05-24 16:15:45',1),(175,'2011-09-05',8,'urlaub',0,13,36,7,'2011-05-24 16:16:04','2011-05-24 16:16:04',1),(176,'2011-09-06',0,'ueberstunden',0,13,59,6,'2011-05-24 16:16:31','2011-05-24 16:16:31',0),(177,'2011-12-26',8,'2. weihnachtstag',0,13,57,6,'2011-05-24 16:17:46','2011-05-24 16:17:46',0),(178,'2011-05-24',8,'Building bathroom interior',0,11,52,2,'2011-05-24 16:36:02','2011-05-24 16:36:02',0),(179,'2011-05-23',5,'shops modelln und shop-image planes setzen',0,11,29,2,'2011-05-24 16:38:58','2011-05-24 16:38:58',0),(180,'2011-05-23',3,'Interior Wände hochziehen, Kameras setzen',0,11,52,2,'2011-05-24 16:39:57','2011-05-24 16:39:57',0),(181,'2011-05-24',8,'modeling',0,16,49,2,'2011-05-24 16:49:28','2011-05-24 16:49:28',0),(183,'2011-05-23',9,'modeling',0,16,49,2,'2011-05-24 16:52:51','2011-05-27 15:51:09',0),(184,'2011-05-19',4,'modeling',0,16,29,2,'2011-05-24 16:57:28','2011-05-24 16:57:28',0),(185,'2011-05-19',4,'dach facade',0,16,51,2,'2011-05-24 16:58:10','2011-05-24 16:58:10',0),(186,'2011-05-18',4,'modeling',0,16,29,2,'2011-05-24 16:59:24','2011-05-24 16:59:24',0),(187,'2011-05-18',6,'modeling',0,16,51,2,'2011-05-24 17:00:10','2011-05-24 17:00:10',0),(188,'2011-05-24',1,'fix',0,6,22,5,'2011-05-24 17:15:02','2011-05-24 17:15:02',0),(189,'2011-05-24',10,'Drehvorbereitung, previsualisation',0,20,16,4,'2011-05-24 17:51:26','2011-05-24 17:51:26',0),(190,'2011-05-24',8.5,'Modeling, Rendering, Kampf mit dem Rechner',0,14,48,2,'2011-05-25 07:40:27','2011-05-25 07:40:27',0),(191,'2011-05-25',5,'Modeling, Rendering, Ärgering mit Rechner',0,14,48,2,'2011-05-25 12:32:16','2011-05-25 12:32:16',0),(192,'2011-05-25',5,'finalising website',0,6,22,5,'2011-05-25 14:54:07','2011-05-25 14:54:07',0),(193,'2011-05-25',6,'restricted user creation to admins\r\nbug fixing\r\nsurvey model',0,4,41,6,'2011-05-25 15:36:53','2011-05-25 15:36:53',0),(194,'2011-05-25',1,'intranet weiteres vorgehen',0,4,40,6,'2011-05-25 15:37:33','2011-05-25 15:37:33',0),(195,'2011-05-25',0.5,'besprechung projekt abnahme',0,4,42,6,'2011-05-25 15:38:00','2011-05-25 15:38:00',0),(196,'2011-05-25',8,'Fasade',0,16,49,2,'2011-05-25 16:08:41','2011-05-25 16:08:41',0),(197,'2011-05-13',8,'modeling',0,16,43,2,'2011-05-25 16:09:27','2011-05-25 16:09:27',0),(198,'2011-05-16',7,'modeling',0,16,52,2,'2011-05-25 16:10:02','2011-05-25 16:10:02',0),(199,'2011-05-17',8,'modeling textur',0,16,51,2,'2011-05-25 16:10:48','2011-05-25 16:10:48',0),(200,'2011-05-25',6.5,'Sonnenstände für Michael\r\nRender fehlender Sets',0,5,48,2,'2011-05-25 16:15:16','2011-05-25 16:15:16',0),(201,'2011-05-25',1,'Aufgabenliste für nächste Woche\r\nÜbergabeliste',0,5,48,4,'2011-05-25 16:15:52','2011-05-25 16:15:52',0),(202,'2011-05-27',8,'Mallorca',0,5,36,7,'2011-05-25 16:16:30','2011-05-25 16:16:30',1),(203,'2011-05-30',8,'Mallorca',0,5,36,7,'2011-05-25 16:16:45','2011-05-25 16:16:45',1),(204,'2011-05-31',8,'Mallorca',0,5,36,7,'2011-05-25 16:17:01','2011-05-25 16:17:01',1),(205,'2011-06-01',8,'Mallorca',0,5,36,7,'2011-05-25 16:17:14','2011-05-25 16:17:14',1),(208,'2011-06-09',8,'Barcelona',0,5,36,7,'2011-05-25 16:20:09','2011-05-25 16:20:09',1),(209,'2011-06-10',8,'Barcelona',0,5,36,7,'2011-05-25 16:20:24','2011-05-25 16:20:24',1),(210,'2011-06-13',8,'Pfingstmontag',0,5,57,6,'2011-05-25 16:20:58','2011-05-25 16:20:58',0),(211,'2011-05-25',8,'Interiors modelln/einrichten',0,11,52,2,'2011-05-25 16:32:42','2011-05-25 16:32:42',0),(212,'2011-05-19',8,'Exteriors nachbessern, Staffage',0,11,29,2,'2011-05-25 16:35:04','2011-05-25 16:35:04',0),(213,'2011-05-24',11,'Animation für das Restaurant',0,21,16,1,'2011-05-25 16:46:52','2011-05-25 16:46:52',0),(214,'2011-05-25',3,'layout to html (first page)',0,6,46,5,'2011-05-25 16:50:46','2011-05-25 16:50:46',0),(215,'2011-05-25',4,'Kjark Bugfixing & Frontend',0,3,44,5,'2011-05-25 16:55:57','2011-05-25 16:55:57',0),(216,'2011-05-25',2,'Kjellergard Front- & Bakcend',0,3,22,5,'2011-05-25 16:56:35','2011-05-25 16:56:35',0),(217,'2011-05-25',3.5,'Geländer Modeling',0,14,29,2,'2011-05-26 07:43:02','2011-05-26 07:43:02',0),(218,'2011-05-25',9,'beleuchtung und Staffage 4 Jahreszeiten',0,15,48,1,'2011-05-26 09:44:29','2011-05-26 09:44:29',0),(219,'2011-05-24',6,'beleuchtung und Staffage für 4 Jahreszeiten',0,15,48,1,'2011-05-26 09:45:23','2011-05-26 09:45:23',0),(220,'2011-05-23',3,'Staffage',0,15,49,2,'2011-05-26 09:46:24','2011-05-26 09:46:24',0),(221,'2011-05-23',7,'beleuchtung und Staffage 4 Jahreszeiten',0,15,48,1,'2011-05-26 09:47:17','2011-05-26 09:47:53',0),(222,'2011-05-04',4,'change requests',0,4,41,6,'2011-05-26 09:50:42','2011-05-26 09:50:42',0),(223,'2011-05-06',1.5,'Finished redesign change requests from anette, handed over project to tommy',0,4,60,5,'2011-05-26 09:53:55','2011-05-26 09:53:55',0),(224,'2011-05-06',2,'bug fixes leo email',0,4,42,5,'2011-05-26 09:54:50','2011-05-26 09:54:50',0),(225,'2011-05-09',5,'go live new website',0,4,42,5,'2011-05-26 09:55:39','2011-05-26 09:55:39',0),(226,'2011-05-26',1,'Übergabe',0,5,48,4,'2011-05-26 13:38:54','2011-05-26 13:38:54',0),(227,'2011-05-26',6,'Sets für Übergabe fertig machen\r\nSzenen aufräumen und rendern',0,5,48,2,'2011-05-26 13:40:11','2011-05-26 14:56:20',0),(228,'2011-05-25',9,'gelaende, modellieren',0,13,49,2,'2011-05-26 15:58:55','2011-05-26 15:58:55',0),(229,'2011-05-26',9,'modellieren, licht setzen, rendern',0,13,49,2,'2011-05-26 16:00:28','2011-05-26 16:44:51',0),(230,'2011-05-26',2,'kjeller gard fix',0,6,22,5,'2011-05-26 16:21:25','2011-05-26 16:21:25',0),(231,'2011-05-26',6,'layouting and porting to adamcms\r\n',0,6,46,5,'2011-05-26 16:22:18','2011-05-26 16:22:18',0),(232,'2011-05-24',8,'kamera',0,17,16,1,'2011-05-26 17:39:01','2011-05-26 17:39:01',0),(233,'2011-05-23',10,'Kamera',0,17,16,1,'2011-05-26 17:39:26','2011-05-26 17:39:26',0),(234,'2011-05-25',9,'Kamera, Shading &Lighting',0,17,16,2,'2011-05-26 17:40:13','2011-05-26 17:40:13',0),(235,'2011-05-25',8,'Animation für Restaurant und Moebel für das Atrium',0,21,16,1,'2011-05-26 17:48:18','2011-05-26 17:48:18',0),(236,'2011-05-26',10,'Shading& Lighting Holzmodell',0,17,16,1,'2011-05-26 17:58:47','2011-05-26 17:58:47',0),(237,'2011-05-27',0.5,'besprechung',0,13,40,6,'2011-05-27 10:04:40','2011-05-27 10:04:40',0),(238,'2011-05-27',1,'menschen, staffage für photoshop suchen',0,13,52,1,'2011-05-27 15:13:35','2011-05-27 15:13:35',0),(239,'2011-05-27',6.5,'modellieren, rendern, licht testen',0,13,49,2,'2011-05-27 15:14:17','2011-05-27 15:14:17',0),(240,'2011-05-26',10,'Modeling+ textur+ preview',0,16,49,2,'2011-05-27 15:49:45','2011-05-27 15:50:27',0),(241,'2011-05-27',8,'modeling+textur+previews',0,16,49,2,'2011-05-27 15:51:52','2011-05-27 15:51:52',0),(242,'2011-05-26',8,'Interiors weiter bearbeiten, umbauen,anpassen,rendern',0,11,52,2,'2011-05-27 16:23:18','2011-05-27 16:23:18',0),(243,'2011-05-27',2,'bugfixing',0,6,61,5,'2011-05-27 17:29:19','2011-05-27 17:29:19',0),(244,'2011-05-27',6.5,'new gallery layout & adamcms migration',0,6,46,5,'2011-05-27 17:30:20','2011-05-27 17:30:20',0),(245,'2011-05-27',7,'Adamcms Review\r\nKjark Contenteinpflege\r\nBilduploadanpassung',0,3,44,5,'2011-05-27 17:39:25','2011-05-27 17:39:25',0),(246,'2011-05-26',8,'clients can log in to answer questions regarding images\r\nsurvey dynamically',0,4,41,6,'2011-05-30 07:10:20','2011-05-30 07:10:20',0),(247,'2011-05-26',3,'Modeling',0,14,29,2,'2011-05-30 07:20:19','2011-05-30 07:20:19',0),(248,'2011-05-26',5.5,'Modeling',0,14,49,2,'2011-05-30 07:20:45','2011-05-30 07:20:45',0),(249,'2011-05-27',1.5,'Modeling',0,14,29,2,'2011-05-30 07:21:16','2011-05-30 07:21:16',0),(250,'2011-05-27',5.5,'Modeling',0,14,49,2,'2011-05-30 07:21:44','2011-05-30 07:21:44',0),(251,'2011-05-25',1.5,'set3_finish',0,10,48,2,'2011-05-30 07:38:25','2011-05-30 07:38:25',0),(252,'2011-05-25',4.5,'ground model',0,10,52,2,'2011-05-30 07:38:57','2011-05-30 07:38:57',0),(253,'2011-05-25',3,'feedback',0,10,51,2,'2011-05-30 07:39:44','2011-05-30 07:39:44',0),(254,'2011-05-26',9,'modeling',0,10,52,2,'2011-05-30 07:40:12','2011-05-30 07:40:12',0),(255,'2011-05-27',8,'previewrender , whiteviews, standpoints, modeling, ',0,10,52,2,'2011-05-30 07:40:56','2011-05-30 07:40:56',0),(256,'2011-05-30',9,'set 5 shop for still and ani.',0,10,48,2,'2011-05-30 07:43:17','2011-05-30 07:43:17',0),(258,'2011-05-26',9,'Ausstattung des Atriums',0,21,16,2,'2011-05-30 08:45:08','2011-05-30 08:45:08',0),(259,'2011-05-27',10,'Ausstattung des Atriums',0,21,16,1,'2011-05-30 08:45:54','2011-05-30 08:45:54',0),(260,'2011-05-30',1,'layout adjustemnts',0,6,46,5,'2011-05-30 12:42:43','2011-05-30 12:42:43',0),(261,'2011-05-30',3,'scam logo',0,6,62,5,'2011-05-30 12:43:59','2011-05-30 12:43:59',0),(262,'2011-07-29',0,'ueberstunden, ersatz christi himmelfahrt',0,13,59,6,'2011-05-30 14:34:03','2011-05-30 15:17:26',0),(263,'2011-08-22',8,'urlaub',0,13,36,7,'2011-05-30 14:34:43','2011-05-30 14:34:43',1),(264,'2011-08-01',0,'ueberstunden, ersatz christi himmelfahrt',0,13,59,6,'2011-05-30 14:35:26','2011-05-30 15:17:40',0),(265,'2011-05-30',1,'besprechung aker brygge stills',0,13,40,6,'2011-05-30 14:36:21','2011-05-30 14:36:21',0),(266,'2011-05-30',8.5,'modellieren, shops einrichten',0,13,48,2,'2011-05-30 16:15:48','2011-05-30 16:56:32',0),(267,'2011-05-30',4,'- Kjark Projekteinpflege',0,3,44,5,'2011-05-30 16:45:04','2011-05-30 16:45:04',0),(268,'2011-05-30',3.5,'- Eve-Server backup\r\n- Eve-Server Win7 Installation + Rendersoftware',0,3,39,6,'2011-05-30 16:46:42','2011-05-30 16:46:53',0),(269,'2011-05-30',7,'Glaenga Exteriors, Licht, Staffage, Cameras final einrichten, Materialien anpassen',0,26,49,2,'2011-05-31 06:00:53','2011-05-31 06:00:53',0),(270,'2011-05-30',3,'Staffage anpassen, Camera und licht anpassen, Sichtung Material für Areal view',0,26,52,2,'2011-05-31 06:03:20','2011-05-31 06:03:20',0),(271,'2011-05-27',2,'Bepflanzung exterior view2',0,26,52,2,'2011-05-31 06:04:42','2011-05-31 06:04:42',0),(272,'2011-05-27',1,'photoshop exterior view2',0,26,52,3,'2011-05-31 06:05:09','2011-05-31 06:05:09',0),(273,'2011-05-27',1,'interiors besprechung, rendern',0,26,52,2,'2011-05-31 06:06:16','2011-05-31 06:06:16',0),(274,'2011-05-27',4.5,'interiors, details, licht, previews rendern',0,26,49,2,'2011-05-31 06:07:26','2011-05-31 06:07:47',0),(275,'2011-05-26',7,'modelling, einrichtung interiors, previews render',0,26,49,2,'2011-05-31 06:10:07','2011-05-31 06:10:07',0),(276,'2011-05-25',6,'finalisierung exterior kjeller gard',0,26,22,2,'2011-05-31 06:20:44','2011-05-31 06:20:44',0),(277,'2011-05-25',3,'photoshop exterior 2 rekkehus',0,26,22,3,'2011-05-31 06:21:21','2011-05-31 06:21:21',0),(278,'2011-05-25',2.5,'uebernahme interior, erste ausarbeitung',0,26,49,2,'2011-05-31 06:22:20','2011-05-31 06:22:31',0),(279,'2011-05-31',3,'3d math AHHHH and logo animation almost done...',0,6,62,5,'2011-05-31 11:18:55','2011-05-31 11:18:55',0),(280,'2011-05-30',2.5,'Druckerpatronen-Kurier, Weiterbildung',0,14,59,2,'2011-05-31 14:45:13','2011-05-31 14:45:13',0),(281,'2011-05-30',6,'Set02-Modeling',0,14,48,2,'2011-05-31 14:45:41','2011-05-31 14:45:41',0),(282,'2011-05-31',1,'- Installation 3dsmax auf Node',0,3,38,6,'2011-05-31 16:09:11','2011-05-31 16:09:11',0),(283,'2011-05-31',2,'- Kjark Projekteinpflege und Anpassung IE 6 & 7',0,3,44,5,'2011-05-31 16:09:54','2011-05-31 16:09:54',0),(284,'2011-05-31',9.5,'401 corporatestreet',0,10,48,2,'2011-05-31 17:36:05','2011-05-31 17:37:20',0),(285,'2011-05-30',5,'Staffage, Interior anpassen',0,11,52,2,'2011-05-31 18:09:02','2011-05-31 18:09:02',0),(286,'2011-05-30',4,'Exterior anpassen, Balkone modellen',0,11,49,2,'2011-05-31 18:10:50','2011-05-31 18:10:50',0),(287,'2011-05-30',8,'Animationen für das Restaurant',0,21,16,1,'2011-05-31 20:09:03','2011-05-31 20:09:03',0),(288,'2011-05-31',11,'Animationen für das Restaurant',0,21,16,1,'2011-05-31 20:09:57','2011-05-31 20:09:57',0),(289,'2011-05-31',3,'besprechungen aker brygge',0,13,40,6,'2011-06-01 07:44:51','2011-06-01 07:44:51',0),(290,'2011-05-31',8,'licht testen, modeln',0,13,48,2,'2011-06-01 07:45:23','2011-06-01 07:45:23',0),(291,'2011-05-31',6,'shops bearbeitet',0,15,48,2,'2011-06-01 11:19:18','2011-06-01 11:19:18',0),(292,'2011-06-01',3,'Fensterfront am Haus VH bearbeitet',0,15,48,2,'2011-06-01 11:20:34','2011-06-01 11:20:34',0),(293,'2011-05-30',10,'Cafe-Szene bearbeitet',0,15,48,2,'2011-06-01 11:21:26','2011-06-01 11:21:26',0),(294,'2011-05-26',6,'Bethroom und Kleiderkammer angepasst',0,15,52,2,'2011-06-01 11:29:12','2011-06-01 11:29:12',0),(295,'2011-05-27',9,'Fassade bearbeitet, Mat-IDs vergeben',0,15,52,2,'2011-06-01 11:33:55','2011-06-01 11:33:55',0),(296,'2011-05-28',8,'4 Jahreszeiten bearbeitet',0,15,48,2,'2011-06-01 11:36:40','2011-06-01 11:36:40',0),(297,'2011-05-31',9,'Akerbrygge Set02 und Set04',0,14,48,2,'2011-06-01 12:32:16','2011-06-01 12:32:16',0),(298,'2011-06-01',5,'Tische zusammengebaut-> Räumliches Vorstellungsvermögen geschult\r\nMediamarkteinkauf-> Städtebaunachschulung+ Räumliche Orientierung\r\nRechner zusammengebaut-> Erhöhung der Reallifemodelingskills',0,14,59,6,'2011-06-01 12:35:44','2011-06-01 12:35:44',0),(299,'2011-06-01',5,'saillogic weblayout html/css',0,6,46,5,'2011-06-01 15:18:01','2011-06-01 15:18:01',0),(300,'2011-06-01',5,'Interior feedback bearbeiten',0,11,52,2,'2011-06-01 16:22:40','2011-06-01 16:22:40',0),(301,'2011-05-30',8,'modeling textur ,preview',0,16,49,2,'2011-06-01 16:28:06','2011-06-01 16:28:06',0),(302,'2011-05-31',7,'textur, modeling,previews',0,16,49,2,'2011-06-01 16:29:17','2011-06-01 16:29:17',0),(303,'2011-06-01',5,'final views',0,16,49,2,'2011-06-01 16:31:41','2011-06-01 16:31:41',0),(304,'2011-06-01',3,'modeling',0,16,55,2,'2011-06-01 16:32:13','2011-06-01 16:32:13',0),(305,'2011-06-01',9,'modeln, licht testen, rendern',0,13,48,2,'2011-06-01 16:50:56','2011-06-01 16:50:56',0),(306,'2011-06-01',3,'adding new pdfs and fixing layout',0,6,63,5,'2011-06-01 17:15:01','2011-06-01 17:15:01',0),(307,'2011-06-01',1,'logo animation',0,6,62,5,'2011-06-01 17:15:29','2011-06-01 17:15:29',0),(308,'2011-05-30',9,'Holzmodell',0,17,16,2,'2011-06-01 18:18:06','2011-06-01 18:18:06',0),(309,'2011-06-01',8,'restaurant (tv),\r\nkamera match,\r\nbriefing',0,17,16,2,'2011-06-01 18:29:25','2011-06-01 18:29:25',0),(310,'2011-05-27',9,'holzmodell, shader',0,17,16,2,'2011-06-01 18:31:10','2011-06-01 18:31:10',0),(311,'2011-05-25',10,'Drehvorbereitung',0,20,16,1,'2011-06-02 07:14:54','2011-06-02 07:14:54',0),(312,'2011-05-26',11,'Dreh',0,20,16,6,'2011-06-02 07:15:24','2011-06-02 07:15:24',0),(313,'2011-05-27',11,'Dreh',0,20,16,6,'2011-06-02 07:15:49','2011-06-02 07:15:49',0),(314,'2011-05-28',10,'Dreh',0,20,16,6,'2011-06-02 07:16:17','2011-06-02 07:16:17',0),(315,'2011-05-30',10,'Produktion, Schnitt',0,20,16,4,'2011-06-02 07:16:49','2011-06-02 07:16:49',0),(316,'2011-05-31',11,'Produktion, Projekt Management',0,20,16,4,'2011-06-02 07:17:37','2011-06-02 07:17:37',0),(317,'2011-06-01',10,'Produktion',0,20,16,4,'2011-06-02 07:29:54','2011-06-02 07:29:54',0),(318,'2011-06-01',9,'corporatestreet',0,10,48,2,'2011-06-02 11:09:34','2011-06-02 11:09:34',0),(319,'2011-06-02',8,'set3 lobby readjusting',0,10,48,2,'2011-06-02 14:24:26','2011-06-02 15:43:44',0),(321,'2011-06-02',8,'modellieren, texturieren, rendern',0,13,48,2,'2011-06-02 15:32:16','2011-06-02 15:32:16',0),(323,'2011-06-01',4,'Aker_TB-Umbauen',1,14,48,2,'2011-06-02 16:04:37','2011-06-03 17:47:53',0),(324,'2011-06-02',8.5,'Aker_TB_Änderungen',1,14,48,2,'2011-06-02 16:05:13','2011-06-03 17:48:00',0),(325,'2011-06-01',9,'Animation für das Restaurant',0,21,16,1,'2011-06-02 20:34:38','2011-06-02 20:34:38',0),(326,'2011-06-02',13,'Animation Atrium',0,21,16,1,'2011-06-02 22:15:38','2011-06-02 22:15:38',0),(327,'2011-06-03',3,'input pricelist & floorplans',0,6,63,5,'2011-06-03 15:39:53','2011-06-03 15:39:53',0),(328,'2011-06-03',3,'redo animation & lighting',0,6,62,5,'2011-06-03 15:40:19','2011-06-03 15:40:19',0),(329,'2011-05-31',8,'Balkone umbauen, Staffage, Ground bauen und anpassen',0,11,49,2,'2011-06-03 16:09:28','2011-06-03 16:09:28',0),(330,'2011-06-01',2,'Interiors optimieren und rendern',0,11,52,2,'2011-06-03 16:10:52','2011-06-03 16:10:52',0),(331,'2011-06-02',9,'Interior closeup scenes erstellen',0,11,49,2,'2011-06-03 16:11:56','2011-06-03 16:11:56',0),(332,'2011-05-31',3,'Interiors weiterbauen ',0,11,52,2,'2011-06-03 16:14:31','2011-06-03 16:14:31',0),(333,'2011-06-01',1,'Sushi-shop einfügen',0,11,29,2,'2011-06-03 16:15:08','2011-06-03 16:15:08',0),(334,'2011-06-03',8,'Küchenviews von Originalfotos nachbauen und Küche auswechseln',0,11,53,2,'2011-06-03 16:15:54','2011-06-03 16:15:54',0),(335,'2011-06-02',8,'modeling + preview',0,16,64,2,'2011-06-03 16:18:57','2011-06-03 16:18:57',0),(336,'2011-06-03',7,'modeling',0,16,55,2,'2011-06-03 16:19:44','2011-06-03 16:19:44',0),(337,'2011-06-03',9,'rendern, modellieren, licht',0,13,48,2,'2011-06-03 16:23:53','2011-06-03 16:23:53',0),(338,'2011-06-03',9,'set10_winter',0,10,48,2,'2011-06-03 16:44:10','2011-06-03 16:44:10',0),(339,'2011-06-02',10,'Produktion, Dramaturgie',0,20,16,4,'2011-06-03 16:49:18','2011-06-03 16:49:18',0),(340,'2011-06-03',9,'TB_umgestalten',1,14,48,2,'2011-06-03 17:48:53','2011-06-03 17:48:53',0),(341,'2011-06-03',9,'Produktion',0,20,16,4,'2011-06-04 16:04:21','2011-06-04 16:04:21',0),(342,'2011-06-03',9,'Atrium Rendering und Animtionen für das Restaurant',0,21,16,1,'2011-06-04 18:10:42','2011-06-04 18:10:42',0),(343,'2011-06-04',9,'Atrium Animation',0,21,16,1,'2011-06-04 19:35:28','2011-06-04 19:35:28',0),(344,'2011-06-05',7,'Küche und Kamera anpassen, Licht matchen, Staffage ',0,11,53,2,'2011-06-05 15:37:39','2011-06-05 15:37:39',0),(345,'2011-05-31',5,'glaenga exterior',0,26,49,2,'2011-06-06 06:27:01','2011-06-06 06:27:01',0),(346,'2011-05-31',6,'Åråsen exteriors',0,26,52,2,'2011-06-06 06:27:41','2011-06-06 06:27:41',0),(347,'2011-05-31',1,'besprechung',0,26,40,4,'2011-06-06 06:28:42','2011-06-06 06:28:42',0),(348,'2011-06-01',4,'glaenga exteriors - interiors',0,26,49,2,'2011-06-06 06:30:28','2011-06-06 06:30:28',0),(349,'2011-06-01',6,'Åråsen exteriors - areal view - \r\nsichtung photos',0,26,52,2,'2011-06-06 06:31:08','2011-06-06 06:31:08',0),(350,'2011-06-02',5,'Åråsen areal view',0,26,52,2,'2011-06-06 06:32:05','2011-06-06 06:32:05',0),(351,'2011-06-02',2,'barcode levels pdf',0,26,34,6,'2011-06-06 06:32:45','2011-06-06 06:32:45',0),(352,'2011-06-02',4,'glaenga -exterior - interior closeups',0,26,49,2,'2011-06-06 06:33:44','2011-06-06 06:33:44',0),(353,'2011-06-03',8,'urlaub',0,26,36,7,'2011-06-06 06:35:05','2011-06-06 06:35:05',1),(354,'2011-05-24',4,'Årvoll Änderungen - renderings',0,26,29,2,'2011-06-06 06:37:41','2011-06-06 06:37:41',0),(355,'2011-05-24',6,'kjeller gard exterior 3',0,26,22,2,'2011-06-06 06:38:11','2011-06-06 06:38:11',0),(356,'2011-05-23',1.5,'Arasen exterior modelling',0,26,52,2,'2011-06-06 06:39:29','2011-06-06 06:39:29',0),(357,'2011-05-23',3,'bekkegaten änderungen',0,26,23,2,'2011-06-06 06:40:29','2011-06-06 06:40:29',0),(358,'2011-05-23',6,'arvoll Änderungen - renderings',0,26,29,2,'2011-06-06 06:41:04','2011-06-06 06:41:04',0),(359,'2011-05-19',7.5,'kjeller gard exterior',0,26,22,2,'2011-06-06 06:42:39','2011-06-06 06:42:39',0),(360,'2011-05-19',2,'Arasen exterior umgebung',0,26,52,2,'2011-06-06 06:43:10','2011-06-06 06:43:10',0),(361,'2011-06-02',8,'Himmelfahrt',0,5,57,6,'2011-06-06 07:42:42','2011-06-06 07:42:42',0),(362,'2011-06-03',8,'Brückentag',0,5,59,6,'2011-06-06 07:43:05','2011-06-06 07:43:05',0),(363,'2011-06-05',8,'ground, licht, render, staffage.-...',0,10,64,2,'2011-06-06 07:48:28','2011-06-06 07:48:28',0),(364,'2011-06-06',3,'transition scam logo',0,6,62,5,'2011-06-06 11:27:00','2011-06-06 12:42:44',0),(365,'2011-06-06',2,'layout fixing',0,6,46,5,'2011-06-06 11:27:24','2011-06-06 11:27:24',0),(366,'2011-06-06',3,'updates einspielen, bugs fixen',0,4,41,6,'2011-06-06 14:09:38','2011-06-06 14:11:18',0),(368,'2011-06-06',10,'Set08 Atrium',0,5,48,2,'2011-06-07 12:48:06','2011-06-07 12:48:06',0),(369,'2011-06-07',9,'completar',0,10,48,2,'2011-06-07 16:55:26','2011-06-07 16:55:26',0),(370,'2011-06-06',10,'completar',0,10,48,2,'2011-06-07 16:55:47','2011-06-07 16:55:47',0),(371,'2011-06-02',10,'shot 2.1',0,17,16,1,'2011-06-07 18:55:40','2011-06-07 18:55:40',0),(372,'2011-06-03',11,'shot 4.1',0,17,16,2,'2011-06-07 18:55:55','2011-06-11 14:20:19',0),(373,'2011-06-04',10,'shot 4.1 shot 2.1 shot 2.2',0,17,16,2,'2011-06-07 18:56:31','2011-06-07 18:57:07',0),(374,'2011-06-06',10,'shot 5.1 ',0,17,16,1,'2011-06-07 18:56:59','2011-06-07 18:56:59',0),(375,'2011-06-07',10,'shot 5.1',0,17,16,1,'2011-06-07 18:57:26','2011-06-07 18:57:26',0),(376,'2011-06-07',2,'scam animation (tele work)',0,6,62,5,'2011-06-08 08:36:30','2011-06-08 08:36:30',0),(377,'2011-06-06',8.5,'Set04',0,14,48,2,'2011-06-08 10:43:05','2011-06-08 10:43:05',0),(378,'2011-06-07',8,'set04',0,14,48,2,'2011-06-08 10:43:38','2011-06-08 10:43:38',0),(379,'2011-06-06',11,'compositing',0,18,64,3,'2011-06-08 12:06:42','2011-06-08 12:07:05',0),(380,'2011-06-07',5,'compositing',0,18,64,3,'2011-06-08 12:08:00','2011-06-08 12:08:00',0),(381,'2011-06-08',4,'finialising',0,6,62,5,'2011-06-08 12:20:50','2011-06-08 12:21:26',0),(382,'2011-06-01',4,'Kjark - Bigfixing and final layout corrections',0,3,44,5,'2011-06-08 14:03:41','2011-06-08 14:03:41',0),(383,'2011-06-06',2,'Voice - Adamcms Setup with input of available content.\r\n\r\n',0,3,60,5,'2011-06-08 14:05:17','2011-06-08 14:05:17',0),(384,'2011-06-06',6,'Server-administration, installation of Windows 7 & 3dsmax on server nodes',0,3,39,6,'2011-06-08 14:06:44','2011-06-08 14:06:44',0),(385,'2011-06-07',1,'authorization bug fixed\r\nrole based authorization',0,4,41,6,'2011-06-08 14:43:18','2011-06-08 14:43:18',0),(386,'2011-06-08',0.5,'meeting logr justus',0,4,40,6,'2011-06-08 14:43:43','2011-06-08 14:43:43',0),(387,'2011-06-05',2,'Fassaden bauen,Türen einsetzen, Autos umkollorieren',0,11,64,2,'2011-06-08 15:07:22','2011-06-08 15:07:22',0),(388,'2011-06-09',5,'Ausbesseren und rendern',0,11,53,2,'2011-06-08 15:09:22','2011-06-08 15:09:22',0),(389,'2011-06-07',9,'Interiors cameras matchen, previews raus rendern',0,11,53,2,'2011-06-08 15:10:34','2011-06-08 15:10:34',0),(390,'2011-06-06',8,'Küchen-Interiors nachbauen, einrichten',0,11,53,2,'2011-06-08 15:11:26','2011-06-08 15:11:26',0),(391,'2011-06-08',4,'boligvelger preparation',0,6,52,5,'2011-06-08 16:45:15','2011-06-08 16:45:15',0),(392,'2011-05-02',8,'html boligvelger',0,6,63,5,'2011-06-08 16:46:48','2011-06-08 16:46:48',0),(393,'2011-05-02',1,'bv',0,6,24,5,'2011-06-08 16:47:15','2011-06-08 16:47:15',0),(394,'2011-05-03',3,'html boligvelger',0,6,63,5,'2011-06-08 16:47:33','2011-06-08 16:47:33',0),(395,'2011-05-04',4,'html boligvleger',0,6,63,5,'2011-06-08 16:48:00','2011-06-08 16:48:00',0),(396,'2011-05-04',2,'updates',0,6,47,5,'2011-06-08 16:48:13','2011-06-08 16:48:13',0),(397,'2011-05-04',1,'biterudeveien update',0,6,32,5,'2011-06-08 16:48:43','2011-06-08 16:48:43',0),(398,'2011-05-05',7,'html boligvleger',0,6,63,5,'2011-06-08 16:49:05','2011-06-08 16:49:05',0),(399,'2011-05-05',1.5,'design / layout',0,6,44,5,'2011-06-08 16:49:28','2011-06-08 16:49:28',0),(400,'2011-05-06',2.5,'html boligvelger',0,6,63,5,'2011-06-08 16:49:52','2011-06-08 16:49:52',0),(401,'2011-05-06',1,'layouting',0,6,44,5,'2011-06-08 16:50:10','2011-06-08 16:50:10',0),(402,'2011-05-06',4.5,'redesign / layout',0,6,47,5,'2011-06-08 16:50:35','2011-06-08 16:50:35',0),(403,'2011-05-09',3,'IE Fix',0,6,63,5,'2011-06-08 16:50:55','2011-06-08 16:50:55',0),(404,'2011-05-09',1.5,'jonoe.no redesign',0,6,47,5,'2011-06-08 16:51:22','2011-06-08 16:51:22',0),(405,'2011-05-10',1,'several updates',0,6,32,5,'2011-06-08 16:51:47','2011-06-08 16:51:47',0),(406,'2011-05-10',2,'saillogic project preparation / layout',0,6,46,5,'2011-06-08 16:52:11','2011-06-08 16:52:11',0),(407,'2011-05-11',3,'papayawhip & others',0,6,32,5,'2011-06-08 16:52:48','2011-06-08 16:52:48',0),(408,'2011-06-08',4,'projects / hour display',0,4,41,6,'2011-06-08 17:06:01','2011-06-08 17:06:01',0),(409,'2011-06-05',3,'Atrium Animation',0,21,16,1,'2011-06-08 17:22:09','2011-06-08 17:22:09',0),(410,'2011-06-06',10,'Animation für Restaurant',0,21,16,1,'2011-06-08 17:22:50','2011-06-08 17:22:50',0),(411,'2011-06-05',8,'mpdeling textur',0,16,64,2,'2011-06-08 17:23:12','2011-06-08 17:23:12',0),(412,'2011-06-07',9,'Animation für Restaurant',0,21,16,1,'2011-06-08 17:23:57','2011-06-08 17:23:57',0),(413,'2011-06-06',13,'modeling textur preview final ',0,16,64,2,'2011-06-08 17:24:25','2011-06-08 17:24:25',0),(414,'2011-06-07',8,'modeling',0,16,55,2,'2011-06-08 17:25:16','2011-06-08 17:25:16',0),(415,'2011-06-08',9,'modeling',0,16,55,2,'2011-06-08 17:25:49','2011-06-08 17:30:30',0),(416,'2011-06-08',10,'shot 2.8 rendering,\r\nshot 4.2 rendering\r\nshot 4.3 rendering',0,17,16,2,'2011-06-08 17:56:25','2011-06-08 17:56:25',0),(417,'2011-06-07',13,'Schnitt, Produktion',0,20,16,4,'2011-06-08 19:06:53','2011-06-08 19:06:53',0),(418,'2011-06-06',11,'Produktion',0,20,16,4,'2011-06-08 19:07:18','2011-06-08 19:07:18',0),(419,'2011-06-04',9,'Produktion',0,20,16,4,'2011-06-08 19:09:50','2011-06-08 19:09:50',0),(420,'2011-06-08',13,'Schnitt, Produktion',0,20,16,4,'2011-06-08 19:24:15','2011-06-08 19:24:15',0),(421,'2011-06-08',11,'Animation für das Restaurant',0,21,16,1,'2011-06-08 20:15:04','2011-06-08 20:15:04',0),(422,'2011-05-19',11,'Besprechung Vray MotionBlur ZBlur',0,22,16,1,'2011-06-08 20:49:40','2011-06-08 20:49:40',0),(423,'2011-05-20',11,'Shot17',0,22,16,1,'2011-06-08 20:50:54','2011-06-08 20:50:54',0),(424,'2011-05-23',10,'Besprechung\r\nShot 17',0,22,16,1,'2011-06-08 20:52:36','2011-06-08 20:52:36',0),(425,'2011-05-24',11.5,'Besprechung Dreh\r\nRendering Test\r\nArchVision Test People',0,22,16,3,'2011-06-08 20:53:44','2011-06-08 20:53:44',0),(426,'2011-05-25',10,'Besprechung\r\nSet TrackingPunkte',0,22,16,1,'2011-06-08 20:54:55','2011-06-08 20:54:55',0),(427,'2011-05-26',14,'Dreh',0,22,16,6,'2011-06-08 20:56:06','2011-06-08 20:56:06',0),(428,'2011-05-27',12,'Dreh',0,22,16,6,'2011-06-08 20:57:11','2011-06-08 20:57:11',0),(429,'2011-05-28',8,'Dreh',0,22,16,6,'2011-06-08 20:57:58','2011-06-08 20:57:58',0),(430,'2011-05-30',11.5,'HDRI',0,22,16,3,'2011-06-08 20:59:03','2011-06-08 20:59:03',0),(431,'2011-05-31',11.5,'Tracking MoCo\r\n',0,22,16,3,'2011-06-08 21:01:12','2011-06-08 21:01:12',0),(432,'2011-06-01',9,'Tracking 2.7.3_1_C032_0526PD\r\nTracking 2..1.1_8_C011_05262N_001\r\nRenderelemente',0,22,16,3,'2011-06-08 21:02:01','2011-06-08 21:02:01',0),(433,'2011-06-02',12.5,'Camera 2..1.1_8_C011_05262N_001\r\nCamera  2.7.3_1_C032_0526PD',0,22,16,3,'2011-06-08 21:02:52','2011-06-08 21:02:52',0),(434,'2011-06-03',11.5,'Camera scene_2_Corporate_Street\r\nCamera 3.1_C079_052734_002\r\nTracking 3.1_C079_052734_002_Box',0,22,16,3,'2011-06-08 21:03:45','2011-06-08 21:03:45',0),(435,'2011-06-04',9,'Rendering Shot1 Tracking Photo\r\nRendering shot17',0,22,16,3,'2011-06-08 21:04:32','2011-06-08 21:04:32',0),(436,'2011-06-06',8.5,'Max2AE\r\nRendering Tracking',0,22,16,3,'2011-06-08 21:05:29','2011-06-08 21:05:29',0),(437,'2011-06-07',9.5,'Rnedering Shot 17 \r\nTracking 4.4B',0,22,16,3,'2011-06-08 21:07:05','2011-06-08 21:08:18',0),(438,'2011-06-08',10,'Renderelements\r\nTracking 7.1\r\nPhotoshop Schaufenster',0,22,16,3,'2011-06-08 21:11:41','2011-06-08 21:13:25',0),(439,'2011-06-09',2,'changing link and icon for spirea park',1,6,32,5,'2011-06-09 09:42:07','2011-06-09 09:42:07',0),(440,'2011-06-09',4.5,'bug fixing',1,6,61,5,'2011-06-09 12:32:10','2011-06-09 17:15:20',0),(441,'2011-06-09',2.5,'added new sale phase (tommansboliger) ',0,6,22,5,'2011-06-09 17:14:50','2011-06-09 17:15:00',0),(442,'2011-06-09',10,'modeling textur preview ',0,16,55,2,'2011-06-09 17:25:35','2011-06-09 17:25:35',0),(443,'2011-06-09',4,'compositing',0,18,53,3,'2011-06-09 17:33:39','2011-06-09 17:33:39',0),(444,'2011-06-09',10,'Aker Set 01,Set 02, Set 03, Set 08',0,14,48,2,'2011-06-09 17:49:55','2011-06-09 17:49:55',0),(445,'2011-06-08',8.5,'Aker Brygge',0,14,48,2,'2011-06-09 17:50:21','2011-06-09 17:50:21',0),(446,'2011-06-09',13,'Produktion',0,20,16,4,'2011-06-09 20:01:55','2011-06-09 20:01:55',0),(447,'2011-06-08',5,'Feedback korrigieren',0,11,53,2,'2011-06-10 07:45:55','2011-06-10 07:45:55',0),(448,'2011-06-10',1.5,'floorplans',0,6,22,5,'2011-06-10 09:32:07','2011-06-10 09:32:07',0),(449,'2011-06-10',4,'boligvelger suggestion & landing page html scaffold',0,6,52,5,'2011-06-10 14:31:37','2011-06-10 14:31:37',0),(450,'2011-06-10',1.5,'bug fixing & enhancements for cms',0,6,61,5,'2011-06-10 15:59:39','2011-06-10 15:59:39',0),(451,'2011-06-09',14,'Restaurant Ani und Atrium Ani',0,21,16,1,'2011-06-10 20:15:11','2011-06-10 20:15:11',0),(452,'2011-06-09',11.5,'shot 4.3 shot 4.4 Rendering',0,17,16,1,'2011-06-11 14:19:42','2011-06-11 14:19:42',0),(453,'2011-06-10',12,'shot 1.3 rendering',0,17,16,2,'2011-06-11 14:20:01','2011-06-11 14:20:25',0),(454,'2011-06-10',12,'Atrium Animation',0,21,16,1,'2011-06-11 17:33:04','2011-06-11 17:33:04',0),(455,'2011-06-10',13,'Produktion ',0,20,16,4,'2011-06-11 18:52:15','2011-06-11 18:52:15',0),(456,'2011-06-11',11,'Produktion',0,20,16,4,'2011-06-11 18:52:50','2011-06-11 20:05:15',0),(457,'2011-06-08',8,'Barcelona',0,5,36,7,'2011-06-13 06:24:43','2011-06-13 06:24:43',1),(458,'2011-06-08',8,'barcelona',0,10,36,7,'2011-06-13 16:55:16','2011-06-13 16:55:16',0),(459,'2011-06-09',8,'barcelona',0,10,36,7,'2011-06-13 16:55:39','2011-06-13 16:55:39',0),(460,'2011-06-10',8,'barcelona',0,10,36,7,'2011-06-13 16:56:00','2011-06-13 16:56:00',0),(462,'2011-06-13',8.5,'shot_2.1_11',0,10,16,2,'2011-06-13 16:57:08','2011-06-13 16:57:08',0),(463,'2011-06-13',13,'Produktion',0,20,16,4,'2011-06-13 19:20:25','2011-06-13 19:20:25',0),(464,'2011-06-11',13,'Camerafahrt für set03_OfficeEntranceTB_outside\r\n\r\nAnimation für shot_4.2-4.4_05',0,21,16,1,'2011-06-13 22:21:34','2011-06-13 22:21:34',0),(465,'2011-06-13',10,'Animation für das Atrium',0,21,16,1,'2011-06-13 23:01:22','2011-06-13 23:01:22',0),(466,'2011-06-13',14,'Rendering 2.6+ 2.1 Kamera 7.1',0,22,16,1,'2011-06-13 23:23:04','2011-06-13 23:23:04',0),(467,'2011-06-11',11,'Shot 2.6 Schild Tisch sonstige Änderungen',0,22,16,1,'2011-06-13 23:25:21','2011-06-13 23:25:21',0),(468,'2011-06-10',12.5,'Tracking 2.7 Neu',0,22,16,1,'2011-06-13 23:28:03','2011-06-13 23:28:42',0),(469,'2011-06-09',12.5,'Shoth 2.8',0,22,16,1,'2011-06-13 23:32:00','2011-06-13 23:32:00',0),(470,'2011-06-10',8,'Geländer, Balkone bauen/anpassen.\r\nStaffage.',0,11,55,2,'2011-06-14 07:36:39','2011-06-14 07:36:39',0),(471,'2011-06-06',6,'modellieren, texturieren, rendern',0,13,48,2,'2011-06-14 08:00:16','2011-06-14 08:00:16',0),(472,'2011-06-06',5.5,'modellieren, texturieren, cameras und licht setzen, previews rendern',0,13,66,2,'2011-06-14 08:05:52','2011-06-14 08:05:52',0),(473,'2011-06-07',5,'modellieren, texturieren, rendern, rendern, sonnenstudie',0,13,66,2,'2011-06-14 08:06:32','2011-06-14 08:06:32',0),(474,'2011-06-07',4,'rendern, modellieren, texturieren',0,13,48,2,'2011-06-14 08:07:34','2011-06-14 08:07:34',0),(475,'2011-06-09',4,'Feedback ausbessern, Materialien modifizieren',0,11,66,2,'2011-06-14 11:55:30','2011-06-14 11:55:30',0),(476,'2011-06-08',3,'Modell umbauen, Feedback ausbessern',0,11,66,2,'2011-06-14 11:57:32','2011-06-14 11:57:32',0),(477,'2011-06-14',6,'4 jahreszeiten\r\n',0,15,48,2,'2011-06-14 13:26:54','2011-06-14 13:26:54',0),(478,'2011-06-13',7,'scenen überarbeitet',0,15,48,2,'2011-06-14 13:27:30','2011-06-14 13:27:30',0),(479,'2011-06-12',6,'Set 3 Aussenszene bearbeitet',0,15,48,2,'2011-06-14 13:28:38','2011-06-14 13:59:37',0),(480,'2011-06-11',6,'4 jahreszeiten',0,15,48,2,'2011-06-14 13:34:44','2011-06-14 13:34:44',0),(481,'2011-06-10',5,'shops, nachtszene',0,15,48,2,'2011-06-14 13:35:24','2011-06-14 13:35:24',0),(482,'2011-06-09',6,'4 Jahreszeiten\r\n',0,15,48,2,'2011-06-14 13:58:57','2011-06-14 13:58:57',0),(483,'2011-06-08',11,'Shops bearbeitet',0,15,48,2,'2011-06-14 14:01:35','2011-06-14 14:01:35',0),(484,'2011-06-07',6,'shops',0,15,48,2,'2011-06-14 14:03:03','2011-06-14 14:03:03',0),(485,'2011-06-06',13,'corporate street',0,15,48,2,'2011-06-14 14:03:37','2011-06-14 14:03:37',0),(486,'2011-06-05',9,'set 3',0,15,48,2,'2011-06-14 14:06:14','2011-06-14 14:06:14',0),(487,'2011-06-03',9,'set',0,15,48,2,'2011-06-14 14:06:45','2011-06-14 14:06:45',0),(488,'2011-06-02',6,'set',0,15,48,2,'2011-06-14 14:07:06','2011-06-14 14:07:06',0),(489,'2011-06-10',7,'Aker Brygge- Multiple Sets',0,14,48,2,'2011-06-14 14:08:46','2011-06-14 14:08:46',0),(490,'2011-06-14',8,'set2.1\r\natrium scene',0,10,16,2,'2011-06-14 17:03:40','2011-06-14 17:03:40',0),(491,'2011-06-14',2,'arasen landingpage done.',0,6,52,5,'2011-06-14 17:26:07','2011-06-14 17:26:07',0),(492,'2011-06-14',0.5,'radhusplassen update und fix',0,6,63,5,'2011-06-14 17:26:25','2011-06-14 17:26:25',0),(493,'2011-06-14',11.5,'büroszene rendern, licht machen, kameras...',0,13,16,2,'2011-06-14 18:40:52','2011-06-14 18:40:52',0),(494,'2011-06-13',4,'Aker Brygge Atrium Szene',0,5,16,2,'2011-06-14 18:50:26','2011-06-14 18:50:26',0),(495,'2011-06-14',12.5,'Aker Brygge Atrium Szene',0,5,16,2,'2011-06-14 18:50:55','2011-06-14 19:31:56',0),(496,'2011-06-15',2,'logr issues, controller field for users so hours of all others can be seen',0,27,41,6,'2011-06-15 10:21:32','2011-06-15 10:21:32',0),(497,'2011-06-15',4,'models',0,4,48,2,'2011-06-24 16:50:40','2011-06-24 16:50:40',0),(498,'2011-06-24',8,'Holiday',0,4,36,7,'2011-06-25 13:24:17','2011-06-25 13:24:17',1);
/*!40000 ALTER TABLE `hours` ENABLE KEYS */;
UNLOCK TABLES;

--
-- Table structure for table `images`
--

DROP TABLE IF EXISTS `images`;
/*!40101 SET @saved_cs_client     = @@character_set_client */;
/*!40101 SET character_set_client = utf8 */;
CREATE TABLE `images` (
  `id` int(11) NOT NULL AUTO_INCREMENT,
  `name` varchar(255) COLLATE utf8_unicode_ci DEFAULT NULL,
  `project_id` int(11) DEFAULT NULL,
  `created_at` datetime DEFAULT NULL,
  `updated_at` datetime DEFAULT NULL,
  `rendering_file_name` varchar(255) COLLATE utf8_unicode_ci DEFAULT NULL,
  `rendering_content_type` varchar(255) COLLATE utf8_unicode_ci DEFAULT NULL,
  `rendering_file_size` int(11) DEFAULT NULL,
  `rendering_updated_at` datetime DEFAULT NULL,
  `user_id` int(11) DEFAULT NULL,
  PRIMARY KEY (`id`)
) ENGINE=InnoDB AUTO_INCREMENT=13 DEFAULT CHARSET=utf8 COLLATE=utf8_unicode_ci;
/*!40101 SET character_set_client = @saved_cs_client */;

--
-- Dumping data for table `images`
--

LOCK TABLES `images` WRITE;
/*!40000 ALTER TABLE `images` DISABLE KEYS */;
INSERT INTO `images` VALUES (1,'pirate',38,'2011-05-03 10:34:46','2011-05-03 10:34:46','pirate.jpg','image/jpeg',102175,'2011-05-03 10:34:45',4),(3,'layout',46,'2011-05-19 09:36:39','2011-05-19 09:36:39','saillogic.jpg','image/jpeg',205890,'2011-05-19 09:36:38',6),(4,'Boo fahrn',54,'2011-05-23 10:23:43','2011-05-23 10:23:43','210.JPG','image/jpeg',2092890,'2011-05-23 10:23:42',5),(5,'Kicka in da lobby',54,'2011-05-23 10:25:08','2011-05-23 10:25:08','049.JPG','image/jpeg',2835630,'2011-05-23 10:25:06',5),(6,'Smoerebroet',54,'2011-05-24 14:48:35','2011-05-25 07:52:34','Oslo (63 von 180).jpg','image/jpeg',4424528,'2011-05-24 14:48:32',14),(7,'Schnittchen',54,'2011-05-25 07:58:29','2011-05-25 07:59:13','P1050115.jpg','image/jpeg',4575679,'2011-05-25 07:59:11',4),(8,'ufo',54,'2011-05-25 09:14:08','2011-05-25 09:14:08','P1050132.jpg','image/jpeg',5929658,'2011-05-25 09:14:06',4),(9,'boo fahrn II',54,'2011-05-25 09:16:30','2011-05-25 09:16:30','P1050083.jpg','image/jpeg',3696765,'2011-05-25 09:16:28',4),(10,'saillogic text layout',46,'2011-05-26 16:23:46','2011-05-26 16:23:46','saillogic text.jpg','image/jpeg',147012,'2011-05-26 16:23:46',6),(11,'boligvelger suggestion',52,'2011-06-10 14:32:21','2011-06-10 14:32:21','overview.jpg','image/jpeg',105401,'2011-06-10 14:32:21',6),(12,'boligvelger suggestion 2',52,'2011-06-10 14:32:45','2011-06-10 14:32:45','select_kunde.jpg','image/jpeg',89475,'2011-06-10 14:32:45',6);
/*!40000 ALTER TABLE `images` ENABLE KEYS */;
UNLOCK TABLES;

--
-- Table structure for table `key_datas`
--

DROP TABLE IF EXISTS `key_datas`;
/*!40101 SET @saved_cs_client     = @@character_set_client */;
/*!40101 SET character_set_client = utf8 */;
CREATE TABLE `key_datas` (
  `id` int(11) NOT NULL AUTO_INCREMENT,
  `name` varchar(255) COLLATE utf8_unicode_ci DEFAULT NULL,
  `percentage` float DEFAULT NULL,
  `created_at` datetime DEFAULT NULL,
  `updated_at` datetime DEFAULT NULL,
  PRIMARY KEY (`id`)
) ENGINE=InnoDB AUTO_INCREMENT=5 DEFAULT CHARSET=utf8 COLLATE=utf8_unicode_ci;
/*!40101 SET character_set_client = @saved_cs_client */;

--
-- Dumping data for table `key_datas`
--

LOCK TABLES `key_datas` WRITE;
/*!40000 ALTER TABLE `key_datas` DISABLE KEYS */;
INSERT INTO `key_datas` VALUES (1,'Gemeinkosten-Aufschlag',61.03,'2011-06-27 11:04:03','2011-06-27 11:04:03'),(2,'Gewinn-Aufschlag',30,'2011-06-27 11:04:41','2011-06-27 11:04:41'),(3,'Steuerbelastung (30% v. Gewinn)',9,'2011-06-27 11:06:20','2011-06-27 11:06:20'),(4,'Reinvestitionsquote',10,'2011-06-27 11:07:50','2011-06-27 11:07:50');
/*!40000 ALTER TABLE `key_datas` ENABLE KEYS */;
UNLOCK TABLES;

--
-- Table structure for table `plan_hours`
--

DROP TABLE IF EXISTS `plan_hours`;
/*!40101 SET @saved_cs_client     = @@character_set_client */;
/*!40101 SET character_set_client = utf8 */;
CREATE TABLE `plan_hours` (
  `id` int(11) NOT NULL AUTO_INCREMENT,
  `amount` float DEFAULT NULL,
  `project_id` int(11) DEFAULT NULL,
  `work_category_id` int(11) DEFAULT NULL,
  `created_at` datetime DEFAULT NULL,
  `updated_at` datetime DEFAULT NULL,
  PRIMARY KEY (`id`)
) ENGINE=InnoDB AUTO_INCREMENT=26 DEFAULT CHARSET=utf8 COLLATE=utf8_unicode_ci;
/*!40101 SET character_set_client = @saved_cs_client */;

--
-- Dumping data for table `plan_hours`
--

LOCK TABLES `plan_hours` WRITE;
/*!40000 ALTER TABLE `plan_hours` DISABLE KEYS */;
INSERT INTO `plan_hours` VALUES (6,30,42,4,'2011-05-23 15:17:31','2011-05-23 15:17:31'),(7,48,22,5,'2011-05-24 15:56:13','2011-05-24 15:56:13'),(9,42,47,5,'2011-05-24 15:58:44','2011-05-24 15:58:44'),(10,48,46,5,'2011-05-25 14:46:03','2011-05-25 14:46:03'),(12,270,16,1,'2011-06-08 05:49:13','2011-06-08 05:49:13'),(13,500,16,2,'2011-06-08 05:50:58','2011-06-08 05:50:58'),(14,230,16,4,'2011-06-08 05:51:10','2011-06-08 05:51:10'),(15,50,16,6,'2011-06-08 05:51:16','2011-06-08 05:51:16'),(16,1000,48,2,'2011-06-08 05:56:00','2011-06-08 05:56:00'),(18,400,48,3,'2011-06-08 05:57:19','2011-06-08 05:57:19'),(19,48,52,5,'2011-06-08 08:43:00','2011-06-08 08:43:00'),(20,48,55,5,'2011-06-08 08:43:29','2011-06-08 08:43:29'),(22,3,48,1,'2011-06-27 09:53:44','2011-06-27 09:53:44'),(23,20,16,5,'2011-06-27 11:23:59','2011-06-27 11:23:59'),(25,121,16,1,'2011-06-27 11:25:20','2011-06-27 11:25:20');
/*!40000 ALTER TABLE `plan_hours` ENABLE KEYS */;
UNLOCK TABLES;

--
-- Table structure for table `projects`
--

DROP TABLE IF EXISTS `projects`;
/*!40101 SET @saved_cs_client     = @@character_set_client */;
/*!40101 SET character_set_client = utf8 */;
CREATE TABLE `projects` (
  `id` int(11) NOT NULL AUTO_INCREMENT,
  `name` varchar(255) COLLATE utf8_unicode_ci DEFAULT NULL,
  `started_at` date DEFAULT NULL,
  `ends_at` date DEFAULT NULL,
  `description` text COLLATE utf8_unicode_ci,
  `created_at` datetime DEFAULT NULL,
  `updated_at` datetime DEFAULT NULL,
  `project_nr` varchar(255) COLLATE utf8_unicode_ci DEFAULT NULL,
  `client_id` int(11) DEFAULT NULL,
  `hidden` tinyint(1) DEFAULT '0',
  PRIMARY KEY (`id`)
) ENGINE=InnoDB AUTO_INCREMENT=67 DEFAULT CHARSET=utf8 COLLATE=utf8_unicode_ci;
/*!40101 SET character_set_client = @saved_cs_client */;

--
-- Dumping data for table `projects`
--

LOCK TABLES `projects` WRITE;
/*!40000 ALTER TABLE `projects` DISABLE KEYS */;
INSERT INTO `projects` VALUES (3,'ovre dyrhusbakken',NULL,NULL,'','2011-05-02 17:34:04','2011-05-02 17:55:13','201',1,0),(4,'Asane II',NULL,NULL,'','2011-05-02 17:55:45','2011-05-02 17:55:59','202',1,0),(5,'Storoya',NULL,NULL,'','2011-05-02 17:56:36','2011-05-02 17:56:36','203',2,0),(6,'Saga Senter II',NULL,NULL,'','2011-05-02 18:00:57','2011-05-02 18:00:57','204',11,0),(7,'Fornebuveien12',NULL,NULL,'','2011-05-02 18:02:06','2011-05-02 18:02:06','205',12,0),(8,'Muehlenstrasse II',NULL,NULL,'','2011-05-02 18:03:04','2011-05-02 18:03:04','206',4,0),(9,'Sarpsborg',NULL,NULL,'','2011-05-02 18:03:30','2011-05-02 18:03:30','207',5,0),(10,'Koksabukta II',NULL,NULL,'','2011-05-02 18:04:00','2011-05-02 18:04:00','208',2,0),(11,'Mockup',NULL,NULL,'','2011-05-02 18:04:18','2011-05-02 18:04:18','209',6,0),(12,'DFB Museum',NULL,NULL,'','2011-05-02 18:05:18','2011-05-02 18:05:18','210',13,0),(13,'Visitorcenter',NULL,NULL,'','2011-05-02 18:06:17','2011-05-02 18:06:17','211',14,0),(14,'Bogerud torg III',NULL,NULL,'','2011-05-02 18:07:29','2011-05-02 18:07:29','212',15,0),(15,'Aker Brygge I (stills)',NULL,NULL,'','2011-05-02 18:08:11','2011-05-02 18:08:11','213',7,0),(16,'Aker Brygge II (animation)',NULL,NULL,'','2011-05-02 18:08:26','2011-05-02 18:08:26','214',7,0),(17,'M17',NULL,NULL,'','2011-05-02 18:08:53','2011-05-02 18:08:53','215',7,0),(18,'Grefsen',NULL,NULL,'','2011-05-02 18:09:10','2011-05-02 18:09:10','216',10,0),(19,'Hundsund',NULL,NULL,'','2011-05-02 18:09:30','2011-05-02 18:09:30','217',2,0),(20,'Rolfsbukta',NULL,NULL,'','2011-05-02 18:09:44','2011-05-02 18:09:44','218',2,0),(21,'Fossumhagen',NULL,NULL,'','2011-05-02 18:10:03','2011-05-02 18:10:03','219',1,0),(22,'Kjellergard',NULL,NULL,'','2011-05-02 18:10:19','2011-05-02 18:10:19','220',1,0),(23,'Bekkegaten',NULL,NULL,'','2011-05-02 18:10:43','2011-05-02 18:10:43','221',8,0),(24,'Hundsund_tun6',NULL,NULL,'','2011-05-02 18:11:11','2011-05-02 18:11:11','222',2,0),(25,'Koksabukta III',NULL,NULL,'','2011-05-02 18:11:37','2011-05-02 18:11:37','223',2,0),(26,'U-Bhf Dortmund',NULL,NULL,'','2011-05-02 18:11:58','2011-05-02 18:11:58','224',4,0),(27,'Yongfeng Hangzhou',NULL,NULL,'','2011-05-02 18:12:18','2011-05-02 18:12:18','225',4,0),(28,'Schibsted',NULL,NULL,'','2011-05-02 18:13:19','2011-05-02 18:13:19','226',16,0),(29,'Arvoll',NULL,NULL,'','2011-05-02 18:13:39','2011-05-02 18:13:39','227',8,0),(30,'Hundsund Langhus',NULL,NULL,'','2011-05-02 18:14:01','2011-05-02 18:14:01','228',2,0),(31,'Hagebyen',NULL,NULL,'','2011-05-02 18:14:20','2011-05-02 18:14:20','229',2,0),(32,'Updates',NULL,NULL,'','2011-05-02 18:15:21','2011-05-02 18:15:21','230',3,0),(33,'Wisma',NULL,NULL,'','2011-05-02 18:15:31','2011-05-02 18:15:31','231',3,0),(34,'Barcode VI',NULL,NULL,'','2011-05-02 18:16:09','2011-05-02 18:16:09','194',3,0),(35,'Kantine Z1',NULL,NULL,'','2011-05-02 18:16:39','2011-05-02 18:16:39','198',4,0),(36,'Urlaub',NULL,NULL,'','2011-05-02 18:18:12','2011-05-02 18:18:12','000',17,1),(37,'Krank',NULL,NULL,'','2011-05-02 18:18:29','2011-05-11 13:52:10','001',17,1),(38,'Administration Software',NULL,NULL,'','2011-05-02 18:19:45','2011-05-02 18:19:45','002',17,1),(39,'Administration Netzwerk',NULL,NULL,'','2011-05-02 18:20:01','2011-05-02 18:20:01','003',17,1),(40,'Meeting / Besprechung',NULL,NULL,'','2011-05-02 18:20:34','2011-05-02 18:20:34','004',17,1),(41,'Project Software Intranet',NULL,NULL,'<p>eve-images logR</p>\r\n<p>Intranet Software fpr project management, time tracking</p>','2011-05-03 10:37:36','2011-05-03 10:37:49','009',17,1),(42,'bap typo3 modifications',NULL,NULL,'','2011-05-06 15:03:59','2011-05-23 15:17:11','web007',18,0),(43,'Sondregate',NULL,NULL,'','2011-05-11 13:49:18','2011-05-11 13:49:18','237',17,0),(44,'Kjark.no',NULL,NULL,'<p>Adamcms website, kjark.no</p>','2011-05-11 13:57:08','2011-05-11 13:57:29','web003',19,0),(45,'Wolfsburg',NULL,NULL,'','2011-05-11 13:58:39','2011-05-11 13:58:39','132',17,0),(46,'SailLogic',NULL,NULL,'<p>adamcms website</p>','2011-05-11 13:59:25','2011-05-11 13:59:25','web005',20,0),(47,'Jonoe',NULL,NULL,'<p>Jonoe website remake with adamcms</p>','2011-05-12 13:11:35','2011-05-12 13:11:35','web006',20,0),(48,'Aker Brygge III (stills)',NULL,NULL,'','2011-05-12 15:45:20','2011-05-12 15:46:09','232',7,0),(49,'glaenga',NULL,NULL,'','2011-05-19 13:29:10','2011-05-19 13:29:10','236',17,0),(50,'Sorenga IV',NULL,NULL,'','2011-05-19 13:29:54','2011-05-19 13:29:54','238',17,0),(51,'Jekta - Update',NULL,NULL,'','2011-05-19 13:30:41','2011-05-19 13:30:41','239',17,0),(52,'Arasen',NULL,NULL,'','2011-05-19 13:31:08','2011-05-19 13:31:08','240',1,0),(53,'bjorndalen',NULL,NULL,'','2011-05-19 13:31:25','2011-05-19 13:31:25','241',17,0),(54,'Klassenfahrt nach Oslo ',NULL,NULL,'<p>Unser sch&ouml;ner Wochenendausflug nach Oslo vom 20. - 22.05.2011</p>\r\n<p>Bitte keine Stunden auf dieses Projekt buchen ;)</p>\r\n<p>Nur f&uuml;r Fotos gedacht</p>','2011-05-23 10:21:29','2011-05-23 10:42:57','OSLO001',17,1),(55,'Malerhaugveien',NULL,NULL,'<p>Interi&oslash;rperspektiv fra 3-roms (2 utsnitt)<br />Interi&oslash;rperspektiv fra 2-roms (1 utsnitt)<br />Interi&oslash;rperspekt fra 4-roms (1 utsnitt)<br />Interi&oslash;rperspektiv fra 2. etg. i en 4-roms (2 utsnitt)<br />&nbsp;<br />2 eksteri&oslash;rperspektiver</p>\r\n<p>&nbsp;</p>\r\n<p>Website &amp; boligvelger til<strong> 23.6.11</strong></p>','2011-05-24 10:36:41','2011-06-10 09:59:15','243',1,0),(56,'Torshov Torg',NULL,NULL,'','2011-05-24 10:41:10','2011-05-24 10:41:10','242',1,0),(57,'Feiertag',NULL,NULL,'','2011-05-24 15:13:34','2011-05-24 15:13:34','010',17,1),(58,'Vulkan',NULL,NULL,'','2011-05-24 15:55:36','2011-05-24 15:55:36','185',10,0),(59,'Sonstiges',NULL,NULL,'','2011-05-24 15:59:48','2011-05-24 15:59:48','011',17,1),(60,'Voice website redesign + adamcms',NULL,NULL,'<p>Chris and Anette wants the Voice website to be redesigned.</p>\r\n<p>The new layout is already programmed, awaiting Adam CMS solution now.</p>','2011-05-26 09:52:57','2011-06-01 17:13:47','web009',20,0),(61,'adamcms',NULL,NULL,'','2011-05-27 17:28:47','2011-05-27 17:28:47','web001',1,0),(62,'Scam',NULL,NULL,'<p>logo animation realtime 3d</p>','2011-05-30 12:43:43','2011-05-30 12:43:43','web008',20,0),(63,'radhusplassen',NULL,NULL,'<p>html boligvelger &amp; landing page</p>','2011-06-01 17:14:10','2011-06-01 17:14:10','web004',1,0),(64,'campus handwerk bielefeld',NULL,NULL,'','2011-06-03 16:18:06','2011-06-14 09:20:20','248',4,0),(65,'kirche-poing',NULL,NULL,'','2011-06-06 13:06:02','2011-06-06 13:06:02','235',21,0),(66,'wbw_agv',NULL,NULL,'','2011-06-14 08:05:09','2011-06-14 08:06:53','249',22,0);
/*!40000 ALTER TABLE `projects` ENABLE KEYS */;
UNLOCK TABLES;

--
-- Table structure for table `questions`
--

DROP TABLE IF EXISTS `questions`;
/*!40101 SET @saved_cs_client     = @@character_set_client */;
/*!40101 SET character_set_client = utf8 */;
CREATE TABLE `questions` (
  `id` int(11) NOT NULL AUTO_INCREMENT,
  `survey_id` int(11) DEFAULT NULL,
  `content` text COLLATE utf8_unicode_ci,
  `created_at` datetime DEFAULT NULL,
  `updated_at` datetime DEFAULT NULL,
  PRIMARY KEY (`id`)
) ENGINE=InnoDB DEFAULT CHARSET=utf8 COLLATE=utf8_unicode_ci;
/*!40101 SET character_set_client = @saved_cs_client */;

--
-- Dumping data for table `questions`
--

LOCK TABLES `questions` WRITE;
/*!40000 ALTER TABLE `questions` DISABLE KEYS */;
/*!40000 ALTER TABLE `questions` ENABLE KEYS */;
UNLOCK TABLES;

--
-- Table structure for table `schema_migrations`
--

DROP TABLE IF EXISTS `schema_migrations`;
/*!40101 SET @saved_cs_client     = @@character_set_client */;
/*!40101 SET character_set_client = utf8 */;
CREATE TABLE `schema_migrations` (
  `version` varchar(255) COLLATE utf8_unicode_ci NOT NULL,
  UNIQUE KEY `unique_schema_migrations` (`version`)
) ENGINE=InnoDB DEFAULT CHARSET=utf8 COLLATE=utf8_unicode_ci;
/*!40101 SET character_set_client = @saved_cs_client */;

--
-- Dumping data for table `schema_migrations`
--

LOCK TABLES `schema_migrations` WRITE;
/*!40000 ALTER TABLE `schema_migrations` DISABLE KEYS */;
INSERT INTO `schema_migrations` VALUES ('20110127140536'),('20110127204249'),('20110127204425'),('20110131110421'),('20110131142834'),('20110201003424'),('20110203154603'),('20110203233830'),('20110204002332'),('20110204222220'),('20110301104041'),('20110412080255'),('20110412082028'),('20110414120030'),('20110417214217'),('20110418134955'),('20110418144558'),('20110428122356'),('20110428190624'),('20110428230422'),('20110428231115'),('20110502114919'),('20110511121408'),('20110511132513'),('20110525095945'),('20110525100620'),('20110525101314'),('20110525103823'),('20110530082458'),('20110530091655'),('20110530113842'),('20110608152143'),('20110615085710'),('20110615090101'),('20110624161634'),('20110624171750'),('20110627091937'),('20110627105241');
/*!40000 ALTER TABLE `schema_migrations` ENABLE KEYS */;
UNLOCK TABLES;

--
-- Table structure for table `surveys`
--

DROP TABLE IF EXISTS `surveys`;
/*!40101 SET @saved_cs_client     = @@character_set_client */;
/*!40101 SET character_set_client = utf8 */;
CREATE TABLE `surveys` (
  `id` int(11) NOT NULL AUTO_INCREMENT,
  `name` varchar(255) COLLATE utf8_unicode_ci DEFAULT NULL,
  `created_at` datetime DEFAULT NULL,
  `updated_at` datetime DEFAULT NULL,
  `image_id` int(11) DEFAULT NULL,
  PRIMARY KEY (`id`)
) ENGINE=InnoDB DEFAULT CHARSET=utf8 COLLATE=utf8_unicode_ci;
/*!40101 SET character_set_client = @saved_cs_client */;

--
-- Dumping data for table `surveys`
--

LOCK TABLES `surveys` WRITE;
/*!40000 ALTER TABLE `surveys` DISABLE KEYS */;
/*!40000 ALTER TABLE `surveys` ENABLE KEYS */;
UNLOCK TABLES;

--
-- Table structure for table `user_plan_hours`
--

DROP TABLE IF EXISTS `user_plan_hours`;
/*!40101 SET @saved_cs_client     = @@character_set_client */;
/*!40101 SET character_set_client = utf8 */;
CREATE TABLE `user_plan_hours` (
  `id` int(11) NOT NULL AUTO_INCREMENT,
  `user_id` int(11) DEFAULT NULL,
  `project_id` int(11) DEFAULT NULL,
  `amount` float DEFAULT NULL,
  `individual_costs` float DEFAULT NULL,
  `burden_costs` float DEFAULT NULL,
  `total_costs` float DEFAULT NULL,
  `created_at` datetime DEFAULT NULL,
  `updated_at` datetime DEFAULT NULL,
  PRIMARY KEY (`id`)
) ENGINE=InnoDB AUTO_INCREMENT=35 DEFAULT CHARSET=utf8 COLLATE=utf8_unicode_ci;
/*!40101 SET character_set_client = @saved_cs_client */;

--
-- Dumping data for table `user_plan_hours`
--

LOCK TABLES `user_plan_hours` WRITE;
/*!40000 ALTER TABLE `user_plan_hours` DISABLE KEYS */;
INSERT INTO `user_plan_hours` VALUES (28,20,16,250,23,2.50997,14432.4,'2011-06-27 13:04:46','2011-06-27 13:04:46'),(29,21,16,200,20,2.50997,10039.9,'2011-06-27 13:04:53','2011-06-27 13:04:53'),(30,10,16,50,24.5,2.50997,3074.72,'2011-06-27 13:04:59','2011-06-27 13:04:59'),(31,13,16,20,17,2.50997,853.391,'2011-06-27 13:05:08','2011-06-27 13:05:08'),(32,5,16,50,21,2.50997,2635.47,'2011-06-27 13:05:15','2011-06-27 13:05:15'),(33,17,16,100,1,2.50997,250.997,'2011-06-27 13:05:21','2011-06-27 13:05:21'),(34,5,48,100,21,2.50997,5270.95,'2011-06-28 13:15:04','2011-06-28 13:15:04');
/*!40000 ALTER TABLE `user_plan_hours` ENABLE KEYS */;
UNLOCK TABLES;

--
-- Table structure for table `users`
--

DROP TABLE IF EXISTS `users`;
/*!40101 SET @saved_cs_client     = @@character_set_client */;
/*!40101 SET character_set_client = utf8 */;
CREATE TABLE `users` (
  `id` int(11) NOT NULL AUTO_INCREMENT,
  `name` varchar(255) COLLATE utf8_unicode_ci DEFAULT NULL,
  `email` varchar(255) COLLATE utf8_unicode_ci DEFAULT NULL,
  `password_hash` varchar(255) COLLATE utf8_unicode_ci DEFAULT NULL,
  `password_salt` varchar(255) COLLATE utf8_unicode_ci DEFAULT NULL,
  `created_at` datetime DEFAULT NULL,
  `updated_at` datetime DEFAULT NULL,
  `company` varchar(255) COLLATE utf8_unicode_ci DEFAULT NULL,
  `admin` tinyint(1) DEFAULT NULL,
  `project_manager` tinyint(1) DEFAULT NULL,
  `created_by` int(11) DEFAULT NULL,
  `full_name` varchar(255) COLLATE utf8_unicode_ci DEFAULT NULL,
  `works_at_eve` tinyint(1) DEFAULT '0',
  `client_id` int(11) DEFAULT NULL,
  `controller` tinyint(1) DEFAULT NULL,
  `hourly_rate` float DEFAULT NULL,
  `accountant` tinyint(1) DEFAULT '0',
  PRIMARY KEY (`id`)
) ENGINE=InnoDB AUTO_INCREMENT=28 DEFAULT CHARSET=utf8 COLLATE=utf8_unicode_ci;
/*!40101 SET character_set_client = @saved_cs_client */;

--
-- Dumping data for table `users`
--

LOCK TABLES `users` WRITE;
/*!40000 ALTER TABLE `users` DISABLE KEYS */;
INSERT INTO `users` VALUES (2,'admin','admin@eve-images.de','$2a$10$X7./iyWUQ2wQDkt.PB7o1.ntl.vCVyWYRuA4Rfb8OTjdXew6dXLQa','$2a$10$X7./iyWUQ2wQDkt.PB7o1.','2011-04-14 13:05:32','2011-04-14 13:05:32','eve-images',1,NULL,NULL,NULL,1,17,NULL,1,0),(3,'tommy','tommy@eve-images.de','$2a$10$/UPxJYzRxLr952byKMPRvetEQBR4yKOQRFMJ.DnNTIXj6osLbLyMG','$2a$10$/UPxJYzRxLr952byKMPRve','2011-04-18 12:06:28','2011-04-18 12:06:28','eve-images',NULL,NULL,NULL,NULL,1,17,NULL,1,0),(4,'thomas','thomas@eve-images.com','$2a$10$PA741WR9X9ztMesZ5teIPOLB/v8Af6MjgJSeE.4ovj.nq2vhIN6qG','$2a$10$PA741WR9X9ztMesZ5teIPO','2011-04-20 09:07:52','2011-04-20 09:07:52','eve-images',1,NULL,NULL,NULL,1,17,NULL,15,1),(5,'Daniel','daniel@eve-images.com','$2a$10$9KuGBmkT2NpMh5H63Z4aH.YtsIbDzr2h6Otf.N7S2QUfoL7627OsC','$2a$10$9KuGBmkT2NpMh5H63Z4aH.','2011-04-20 12:32:52','2011-04-20 12:32:52','eve-images',NULL,1,NULL,NULL,1,17,NULL,21,0),(6,'ivo','ivo@eve-images.com','$2a$10$iFdmGoSyuWWHdMHAiMgNX.nqmfFlM4dnByXGCWNVoMVSGseIs/eyS','$2a$10$iFdmGoSyuWWHdMHAiMgNX.','2011-04-20 12:50:56','2011-04-20 12:50:56','eve-images',1,NULL,NULL,NULL,1,17,NULL,18,0),(10,'ariano','ariano@eve-images.com','$2a$10$T/7wbGKZBRoEGalVa1hsluOiR5PDQQv8t1v.2CZ0SAIMla3iu4wLi','$2a$10$T/7wbGKZBRoEGalVa1hslu','2011-05-05 14:18:55','2011-06-27 07:07:16','eve-images',NULL,1,NULL,NULL,1,17,NULL,24.5,0),(11,'johannes','j-pflaum@live.de','$2a$10$BHgOClVOSJWZ68LaDbu6Y.ODcFEqI5yvi4TGtPD5AYsOj1OF6/25e','$2a$10$BHgOClVOSJWZ68LaDbu6Y.','2011-05-05 16:16:30','2011-05-05 16:16:30','eve-images',NULL,NULL,NULL,NULL,1,17,NULL,13,0),(13,'nina','nina@eve-images.com','$2a$10$JQ9J0A084n07bBH6PjIcTetCkNiOvTrMKp/SjFSV.8x7wtiYo9DAm','$2a$10$JQ9J0A084n07bBH6PjIcTe','2011-05-06 10:30:16','2011-06-25 12:57:51','eve-images',NULL,NULL,NULL,NULL,1,17,NULL,17,0),(14,'Kai','kai@eve-images.com','$2a$10$uPZkERuDolyyzBEA1BVf0.Fys5GKBpUrCII43PWUYfST7tAFOAxmW','$2a$10$uPZkERuDolyyzBEA1BVf0.','2011-05-06 10:36:05','2011-05-06 10:36:05','eve-images',NULL,NULL,NULL,NULL,1,17,NULL,6,0),(15,'Marco','marco@eve-images.com','$2a$10$h1w4VHrp8krml.It3pd5LOMvgFxxOtnIqeMZRirlqJ3usPd5KwacO','$2a$10$h1w4VHrp8krml.It3pd5LO','2011-05-06 10:44:16','2011-05-06 10:44:16','eve-images',NULL,NULL,NULL,NULL,1,17,NULL,20.3,0),(16,'Maciej','m7force@googlemail.com','$2a$10$T0t6H7XW8vOAHd3osHrIBOHy9IJJY3qKv8/nyF1mg5awHAWyEJwpe','$2a$10$T0t6H7XW8vOAHd3osHrIBO','2011-05-06 16:15:30','2011-05-09 16:50:44','eve-images',NULL,NULL,NULL,NULL,1,17,NULL,19,0),(17,'Alex','alexfromberlin@gmail.com','$2a$10$m24HFr.rPeCArPa8FbGRreZ3DvvFET8l6cHyNG3SxhbwwUrk3AQw2','$2a$10$m24HFr.rPeCArPa8FbGRre','2011-05-11 13:38:12','2011-05-11 13:38:12','eve-images',NULL,NULL,NULL,NULL,1,17,NULL,1,0),(18,'Luna','luna@eve-images.com','$2a$10$sS3pomzHaGQfrm/smqjXK.MEn6pJjdiRSfSjb6TMDKYWf23RUU2Ze','$2a$10$sS3pomzHaGQfrm/smqjXK.','2011-05-11 13:42:54','2011-05-11 13:42:54','eve-images',NULL,NULL,NULL,NULL,1,17,NULL,18,0),(20,'Martin_S','mrtnslzr@gmail.com','$2a$10$SoxPPwzfecOpGCQaTGsCeeHq5SJI/P.FD0lHNVx1CP8lUhudbe1yC','$2a$10$SoxPPwzfecOpGCQaTGsCee','2011-05-19 08:57:13','2011-06-25 12:50:00','eve-images',NULL,NULL,NULL,NULL,1,17,NULL,23,0),(21,'ibi','mail@ibiustun.de','$2a$10$MtSn.8GgkN0c52njw0ykrORQwouMSGbkHFVw5RZY9x.t7zVByDcSm','$2a$10$MtSn.8GgkN0c52njw0ykrO','2011-05-19 09:33:32','2011-06-27 12:40:16','eve-images',NULL,NULL,NULL,NULL,1,17,NULL,20,0),(22,'Armin','armin@moluma.de','$2a$10$LpeLouN5zKwJAnbCm9wWwOyk8rFKT2RjU0MH7mKQ2Px5iNAWAlyka','$2a$10$LpeLouN5zKwJAnbCm9wWwO','2011-05-19 09:38:35','2011-06-08 20:47:29','eve-images',NULL,NULL,NULL,NULL,1,17,NULL,1,0),(23,'justus','justus@eve-images.com','$2a$10$4HseWReUnjYloH9QMn8ReeShpDd7BG7zVzaYNeAZ4n7n68LFZrc/q','$2a$10$4HseWReUnjYloH9QMn8Ree','2011-05-19 16:58:33','2011-05-19 16:58:33','eve-images',1,NULL,NULL,NULL,1,17,NULL,1,0),(24,'Sandra','sandra@eve-images.com','$2a$10$HYOsEp4jYMscxNZrWmsbDeaJxhImaVMGX19cozdtWaGaxsRxfxLYa','$2a$10$HYOsEp4jYMscxNZrWmsbDe','2011-05-23 13:20:20','2011-05-23 13:20:20','eve-images',NULL,1,NULL,NULL,1,17,NULL,1,0),(25,'brinkmann','brinkmann@brinkmann-stb.de','$2a$10$3f/oK3EplVmLYxvu4FWn8ORZcc1znvXuZC9oKJlD0f.AMm2nFdP3O','$2a$10$3f/oK3EplVmLYxvu4FWn8O','2011-05-25 15:18:11','2011-05-25 15:18:11','Steuerkanzlei Brinkmann',NULL,NULL,NULL,NULL,1,17,NULL,1,0),(26,'anne','anne@eve-images.com','$2a$10$P16vJO0BB5iqH3I1oSCXeeF/rh4qZBT1bDvTJuQK/PLSfE93uV7Hu','$2a$10$P16vJO0BB5iqH3I1oSCXee','2011-05-30 07:43:51','2011-05-30 07:43:51','',NULL,1,NULL,NULL,1,17,NULL,19,0),(27,'testi','testi@test.de','$2a$10$CDKUbZWTKiMMmlPqkha.jeYcvEq9S3BaDe7irdU07yaYBoDNDD6H6','$2a$10$CDKUbZWTKiMMmlPqkha.je','2011-06-15 09:15:55','2011-06-15 09:15:55',NULL,NULL,NULL,NULL,NULL,1,17,1,1,1);
/*!40000 ALTER TABLE `users` ENABLE KEYS */;
UNLOCK TABLES;

--
-- Table structure for table `work_categories`
--

DROP TABLE IF EXISTS `work_categories`;
/*!40101 SET @saved_cs_client     = @@character_set_client */;
/*!40101 SET character_set_client = utf8 */;
CREATE TABLE `work_categories` (
  `id` int(11) NOT NULL AUTO_INCREMENT,
  `name` varchar(255) COLLATE utf8_unicode_ci DEFAULT NULL,
  `description` text COLLATE utf8_unicode_ci,
  `created_at` datetime DEFAULT NULL,
  `updated_at` datetime DEFAULT NULL,
  PRIMARY KEY (`id`)
) ENGINE=InnoDB AUTO_INCREMENT=8 DEFAULT CHARSET=utf8 COLLATE=utf8_unicode_ci;
/*!40101 SET character_set_client = @saved_cs_client */;

--
-- Dumping data for table `work_categories`
--

LOCK TABLES `work_categories` WRITE;
/*!40000 ALTER TABLE `work_categories` DISABLE KEYS */;
INSERT INTO `work_categories` VALUES (1,'Pre-Production','','2011-04-14 13:10:02','2011-04-14 13:10:02'),(2,'Modeling (3D)','','2011-04-14 13:10:17','2011-04-29 12:55:47'),(3,'Post-Production','','2011-04-14 13:10:26','2011-04-14 13:10:26'),(4,'Project Management','','2011-04-14 13:10:35','2011-04-14 13:10:35'),(5,'Web','','2011-04-14 13:10:43','2011-04-14 13:10:43'),(6,'Other','','2011-04-14 13:10:57','2011-04-14 13:10:57'),(7,'Holiday','','2011-04-14 13:11:06','2011-04-14 13:11:06');
/*!40000 ALTER TABLE `work_categories` ENABLE KEYS */;
UNLOCK TABLES;
/*!40103 SET TIME_ZONE=@OLD_TIME_ZONE */;

/*!40101 SET SQL_MODE=@OLD_SQL_MODE */;
/*!40014 SET FOREIGN_KEY_CHECKS=@OLD_FOREIGN_KEY_CHECKS */;
/*!40014 SET UNIQUE_CHECKS=@OLD_UNIQUE_CHECKS */;
/*!40111 SET SQL_NOTES=@OLD_SQL_NOTES */;

-- Dump completed on 2011-06-30 21:55:29
